time,weather_ghi,weather_dni,weather_dhi,weather_temp,weather_cloud
2026-01-22T00:00,0.0,0.0,0.0,25.4,100
2026-01-22T01:00,0.0,0.0,0.0,26.3,90
2026-01-22T02:00,0.0,0.0,0.0,24.7,77
2026-01-22T03:00,0.0,0.0,0.0,22.5,100
2026-01-22T04:00,0.0,0.0,0.0,22.0,100
2026-01-22T05:00,0.0,0.0,0.0,22.1,82
2026-01-22T06:00,0.0,0.0,0.0,22.2,57
2026-01-22T07:00,1.0,0.0,1.0,24.7,39
2026-01-22T08:00,95.0,310.2,45.0,25.7,16
2026-01-22T09:00,264.0,444.3,96.0,27.0,100
2026-01-22T10:00,501.0,670.5,121.0,28.6,98
2026-01-22T11:00,611.0,604.5,181.0,29.7,100
2026-01-22T12:00,728.0,672.0,189.0,30.9,99
2026-01-22T13:00,819.0,799.7,153.0,31.4,100
2026-01-22T14:00,776.0,783.7,148.0,32.2,69
2026-01-22T15:00,627.0,669.1,152.0,32.0,13
2026-01-22T16:00,487.0,627.0,133.0,32.0,35
2026-01-22T17:00,241.0,348.9,110.0,30.9,99
2026-01-22T18:00,79.0,225.3,43.0,29.8,96
2026-01-22T19:00,1.0,0.0,1.0,28.5,100
2026-01-22T20:00,0.0,0.0,0.0,27.6,99
2026-01-22T21:00,0.0,0.0,0.0,26.9,100
2026-01-22T22:00,0.0,0.0,0.0,26.1,98
2026-01-22T23:00,0.0,0.0,0.0,25.8,99
2026-01-23T00:00,0.0,0.0,0.0,25.5,95
2026-01-23T01:00,0.0,0.0,0.0,24.6,5
2026-01-23T02:00,0.0,0.0,0.0,23.5,64
2026-01-23T03:00,0.0,0.0,0.0,22.8,98
2026-01-23T04:00,0.0,0.0,0.0,22.3,24
2026-01-23T05:00,0.0,0.0,0.0,22.0,0
2026-01-23T06:00,0.0,0.0,0.0,21.8,2
2026-01-23T07:00,1.0,0.0,1.0,22.1,17
2026-01-23T08:00,102.0,371.6,42.0,23.0,0
2026-01-23T09:00,316.0,615.2,83.0,24.9,5
2026-01-23T10:00,530.0,752.0,103.0,26.4,12
2026-01-23T11:00,703.0,823.4,116.0,28.4,23
2026-01-23T12:00,814.0,860.7,122.0,30.1,29
2026-01-23T13:00,852.0,870.7,125.0,30.9,2
2026-01-23T14:00,818.0,867.2,121.0,31.3,0
2026-01-23T15:00,707.0,833.8,113.0,31.2,0
2026-01-23T16:00,533.0,761.8,101.0,30.8,0
2026-01-23T17:00,318.0,624.6,82.0,30.0,0
2026-01-23T18:00,102.0,372.7,42.0,28.6,0
2026-01-23T19:00,1.0,0.0,1.0,27.8,6
2026-01-23T20:00,0.0,0.0,0.0,26.5,7
2026-01-23T21:00,0.0,0.0,0.0,26.3,15
2026-01-23T22:00,0.0,0.0,0.0,25.4,5
2026-01-23T23:00,0.0,0.0,0.0,25.8,4
2026-01-24T00:00,0.0,0.0,0.0,25.9,3
2026-01-24T01:00,0.0,0.0,0.0,25.1,58
2026-01-24T02:00,0.0,0.0,0.0,24.0,14
2026-01-24T03:00,0.0,0.0,0.0,23.1,15
2026-01-24T04:00,0.0,0.0,0.0,22.5,95
2026-01-24T05:00,0.0,0.0,0.0,22.7,62
2026-01-24T06:00,0.0,0.0,0.0,22.5,4
2026-01-24T07:00,1.0,0.0,1.0,22.5,33
2026-01-24T08:00,99.0,340.0,44.0,23.9,9
2026-01-24T09:00,309.0,579.7,89.0,25.8,24
2026-01-24T10:00,523.0,727.6,109.0,27.7,4
2026-01-24T11:00,695.0,802.0,122.0,29.4,21
2026-01-24T12:00,810.0,850.0,125.0,30.6,17
2026-01-24T13:00,805.0,778.8,153.0,30.8,72
2026-01-24T14:00,604.0,384.5,294.0,30.7,98
2026-01-24T15:00,498.0,288.2,292.0,30.8,100
2026-01-24T16:00,317.0,191.4,208.0,30.2,100
2026-01-24T17:00,152.0,86.8,119.0,29.3,57
2026-01-24T18:00,76.0,197.3,44.0,28.2,8
2026-01-24T19:00,1.0,0.0,1.0,27.4,12
2026-01-24T20:00,0.0,0.0,0.0,26.9,46
2026-01-24T21:00,0.0,0.0,0.0,26.0,56
2026-01-24T22:00,0.0,0.0,0.0,25.6,23
2026-01-24T23:00,0.0,0.0,0.0,24.8,13
2026-01-25T00:00,0.0,0.0,0.0,24.1,2
2026-01-25T01:00,0.0,0.0,0.0,24.8,8
2026-01-25T02:00,0.0,0.0,0.0,24.3,2
2026-01-25T03:00,0.0,0.0,0.0,23.1,36
2026-01-25T04:00,0.0,0.0,0.0,22.3,79
2026-01-25T05:00,0.0,0.0,0.0,22.4,49
2026-01-25T06:00,0.0,0.0,0.0,21.9,10
2026-01-25T07:00,1.0,0.0,1.0,21.3,9
2026-01-25T08:00,102.0,370.2,42.0,22.8,12
2026-01-25T09:00,316.0,610.0,84.0,25.3,38
2026-01-25T10:00,530.0,743.6,106.0,28.1,1
2026-01-25T11:00,704.0,818.3,118.0,30.0,0
2026-01-25T12:00,816.0,856.5,124.0,31.0,0
2026-01-25T13:00,856.0,869.6,126.0,31.4,0
2026-01-25T14:00,815.0,849.6,128.0,32.0,0
2026-01-25T15:00,707.0,822.3,117.0,32.0,0
2026-01-25T16:00,523.0,716.6,113.0,31.5,0
2026-01-25T17:00,320.0,606.3,88.0,30.7,0
2026-01-25T18:00,105.0,379.5,43.0,28.2,0
2026-01-25T19:00,2.0,0.0,2.0,27.4,8
2026-01-25T20:00,0.0,0.0,0.0,26.3,55
2026-01-25T21:00,0.0,0.0,0.0,26.2,18
2026-01-25T22:00,0.0,0.0,0.0,25.0,2
2026-01-25T23:00,0.0,0.0,0.0,24.7,1
2026-01-26T00:00,0.0,0.0,0.0,24.0,0
2026-01-26T01:00,0.0,0.0,0.0,23.5,0
2026-01-26T02:00,0.0,0.0,0.0,22.9,0
2026-01-26T03:00,0.0,0.0,0.0,22.8,0
2026-01-26T04:00,0.0,0.0,0.0,22.1,0
2026-01-26T05:00,0.0,0.0,0.0,21.5,28
2026-01-26T06:00,0.0,0.0,0.0,21.5,70
2026-01-26T07:00,1.0,0.0,1.0,21.2,14
2026-01-26T08:00,100.0,350.9,43.0,22.7,6
2026-01-26T09:00,313.0,600.7,84.0,25.6,2
2026-01-26T10:00,522.0,719.1,111.0,28.2,0
2026-01-26T11:00,692.0,787.1,127.0,30.1,4
2026-01-26T12:00,804.0,827.2,134.0,31.6,36
2026-01-26T13:00,834.0,817.3,146.0,31.8,17
2026-01-26T14:00,734.0,701.5,165.0,32.5,58
2026-01-26T15:00,532.0,462.5,199.0,32.3,100
2026-01-26T16:00,356.0,271.4,200.0,31.3,88
2026-01-26T17:00,183.0,103.9,143.0,30.5,85
2026-01-26T18:00,89.0,261.2,46.0,29.3,2
2026-01-26T19:00,2.0,0.0,2.0,28.3,0
2026-01-26T20:00,0.0,0.0,0.0,27.2,0
2026-01-26T21:00,0.0,0.0,0.0,26.4,0
2026-01-26T22:00,0.0,0.0,0.0,25.7,0
2026-01-26T23:00,0.0,0.0,0.0,25.1,0
2026-01-27T00:00,0.0,0.0,0.0,24.2,0
2026-01-27T01:00,0.0,0.0,0.0,23.9,0
2026-01-27T02:00,0.0,0.0,0.0,23.6,0
2026-01-27T03:00,0.0,0.0,0.0,23.1,0
2026-01-27T04:00,0.0,0.0,0.0,22.8,0
2026-01-27T05:00,0.0,0.0,0.0,22.5,0
2026-01-27T06:00,0.0,0.0,0.0,21.9,0
2026-01-27T07:00,1.0,0.0,1.0,22.1,0
2026-01-27T08:00,101.0,356.1,43.0,24.0,0
2026-01-27T09:00,315.0,604.4,84.0,26.6,0
2026-01-27T10:00,529.0,740.0,105.0,29.0,0
2026-01-27T11:00,702.0,811.6,118.0,30.6,0
2026-01-27T12:00,815.0,849.6,125.0,31.9,0
2026-01-27T13:00,854.0,862.3,126.0,32.4,0
2026-01-27T14:00,817.0,851.7,124.0,33.0,21
2026-01-27T15:00,706.0,812.3,119.0,33.0,6
2026-01-27T16:00,529.0,724.1,111.0,32.6,16
2026-01-27T17:00,316.0,591.1,87.0,31.7,4
2026-01-27T18:00,106.0,367.3,45.0,30.2,0
2026-01-27T19:00,2.0,0.0,2.0,29.7,0
2026-01-27T20:00,0.0,0.0,0.0,29.0,0
2026-01-27T21:00,0.0,0.0,0.0,27.8,0
2026-01-27T22:00,0.0,0.0,0.0,27.1,0
2026-01-27T23:00,0.0,0.0,0.0,27.1,5
2026-01-28T00:00,0.0,0.0,0.0,26.6,13
2026-01-28T01:00,0.0,0.0,0.0,25.4,95
2026-01-28T02:00,0.0,0.0,0.0,24.5,97
2026-01-28T03:00,0.0,0.0,0.0,23.9,98
2026-01-28T04:00,0.0,0.0,0.0,23.3,95
2026-01-28T05:00,0.0,0.0,0.0,22.8,95
2026-01-28T06:00,0.0,0.0,0.0,22.3,96
2026-01-28T07:00,1.0,0.0,1.0,22.3,97
2026-01-28T08:00,99.0,318.3,47.0,23.9,100
2026-01-28T09:00,308.0,555.8,95.0,26.4,100
2026-01-28T10:00,522.0,701.6,119.0,29.0,100
2026-01-28T11:00,698.0,788.7,129.0,30.8,100
2026-01-28T12:00,812.0,828.9,137.0,31.8,100
2026-01-28T13:00,849.0,830.3,146.0,32.3,99
2026-01-28T14:00,819.0,841.6,132.0,33.0,98
2026-01-28T15:00,710.0,806.6,125.0,33.1,100
2026-01-28T16:00,536.0,724.4,116.0,32.5,98
2026-01-28T17:00,322.0,590.0,92.0,31.6,98
2026-01-28T18:00,108.0,356.7,48.0,30.2,23
2026-01-28T19:00,2.0,0.0,2.0,29.4,100
2026-01-28T20:00,0.0,0.0,0.0,29.1,85
2026-01-28T21:00,0.0,0.0,0.0,28.6,77
2026-01-28T22:00,0.0,0.0,0.0,27.5,70
2026-01-28T23:00,0.0,0.0,0.0,27.0,99
2026-01-29T00:00,0.0,0.0,0.0,26.5,72
2026-01-29T01:00,0.0,0.0,0.0,25.3,34
2026-01-29T02:00,0.0,0.0,0.0,24.8,39
2026-01-29T03:00,0.0,0.0,0.0,24.3,13
2026-01-29T04:00,0.0,0.0,0.0,23.9,20
2026-01-29T05:00,0.0,0.0,0.0,23.8,55
2026-01-29T06:00,0.0,0.0,0.0,23.5,71
2026-01-29T07:00,1.0,0.0,1.0,23.3,99
2026-01-29T08:00,100.0,341.8,44.0,24.5,95
2026-01-29T09:00,311.0,580.2,88.0,26.9,100
2026-01-29T10:00,520.0,699.7,117.0,29.2,100
2026-01-29T11:00,683.0,736.9,150.0,31.0,100
2026-01-29T12:00,797.0,789.9,152.0,32.1,92
2026-01-29T13:00,840.0,816.2,147.0,32.4,69
2026-01-29T14:00,811.0,831.6,130.0,33.2,99
2026-01-29T15:00,695.0,768.0,136.0,33.4,99
2026-01-29T16:00,515.0,664.5,128.0,32.8,87
2026-01-29T17:00,297.0,481.9,108.0,31.7,88
2026-01-29T18:00,91.0,258.3,47.0,30.1,99
2026-01-29T19:00,2.0,0.0,2.0,29.3,97
2026-01-29T20:00,0.0,0.0,0.0,29.3,96
2026-01-29T21:00,0.0,0.0,0.0,28.7,100
2026-01-29T22:00,0.0,0.0,0.0,28.1,91
2026-01-29T23:00,0.0,0.0,0.0,27.2,99
2026-01-30T00:00,0.0,0.0,0.0,26.3,99
2026-01-30T01:00,0.0,0.0,0.0,25.8,94
2026-01-30T02:00,0.0,0.0,0.0,25.4,71
2026-01-30T03:00,0.0,0.0,0.0,24.7,91
2026-01-30T04:00,0.0,0.0,0.0,24.4,14
2026-01-30T05:00,0.0,0.0,0.0,23.9,66
2026-01-30T06:00,0.0,0.0,0.0,23.2,93
2026-01-30T07:00,1.0,0.0,1.0,23.5,20
2026-01-30T08:00,89.0,273.8,44.0,25.2,19
2026-01-30T09:00,286.0,487.6,98.0,27.4,8
2026-01-30T10:00,501.0,659.7,120.0,29.4,13
2026-01-30T11:00,651.0,694.9,147.0,31.0,28
2026-01-30T12:00,733.0,685.2,172.0,32.2,61
2026-01-30T13:00,681.0,586.0,182.0,32.6,43
2026-01-30T14:00,681.0,598.9,189.0,33.6,53
2026-01-30T15:00,529.0,459.9,193.0,32.4,45
2026-01-30T16:00,383.0,415.4,140.0,31.6,42
2026-01-30T17:00,233.0,311.7,110.0,31.0,37
2026-01-30T18:00,91.0,237.8,50.0,30.1,38
2026-01-30T19:00,2.0,0.0,2.0,29.5,10
2026-01-30T20:00,0.0,0.0,0.0,28.8,5
2026-01-30T21:00,0.0,0.0,0.0,28.0,5
2026-01-30T22:00,0.0,0.0,0.0,27.3,7
2026-01-30T23:00,0.0,0.0,0.0,26.9,6
2026-01-31T00:00,0.0,0.0,0.0,26.2,0
2026-01-31T01:00,0.0,0.0,0.0,25.5,2
2026-01-31T02:00,0.0,0.0,0.0,25.4,31
2026-01-31T03:00,0.0,0.0,0.0,25.2,84
2026-01-31T04:00,0.0,0.0,0.0,24.9,90
2026-01-31T05:00,0.0,0.0,0.0,24.5,100
2026-01-31T06:00,0.0,0.0,0.0,24.2,98
2026-01-31T07:00,1.0,0.0,1.0,24.8,98
2026-01-31T08:00,91.0,278.9,45.0,26.6,92
2026-01-31T09:00,283.0,493.8,92.0,28.3,19
2026-01-31T10:00,481.0,602.6,132.0,29.8,97
2026-01-31T11:00,621.0,653.1,146.0,31.0,98
2026-01-31T12:00,673.0,596.8,183.0,31.9,96
2026-01-31T13:00,618.0,469.5,217.0,32.1,99
2026-01-31T14:00,718.0,631.0,198.0,33.0,94
2026-01-31T15:00,651.0,692.9,143.0,33.0,91
2026-01-31T16:00,386.0,366.0,171.0,31.4,100
2026-01-31T17:00,230.0,350.2,91.0,30.2,70
2026-01-31T18:00,103.0,303.8,50.0,29.5,13
2026-01-31T19:00,2.0,0.0,2.0,29.2,84
2026-01-31T20:00,0.0,0.0,0.0,28.8,100
2026-01-31T21:00,0.0,0.0,0.0,28.3,94
2026-01-31T22:00,0.0,0.0,0.0,27.4,45
2026-01-31T23:00,0.0,0.0,0.0,26.8,3
2026-02-01T00:00,0.0,0.0,0.0,26.5,1
2026-02-01T01:00,0.0,0.0,0.0,26.2,16
2026-02-01T02:00,0.0,0.0,0.0,26.1,34
2026-02-01T03:00,0.0,0.0,0.0,25.8,38
2026-02-01T04:00,0.0,0.0,0.0,25.7,61
2026-02-01T05:00,0.0,0.0,0.0,25.4,86
2026-02-01T06:00,0.0,0.0,0.0,25.1,88
2026-02-01T07:00,1.0,0.0,1.0,25.2,95
2026-02-01T08:00,64.0,120.8,44.0,25.3,94
2026-02-01T09:00,210.0,229.3,121.0,26.3,51
2026-02-01T10:00,429.0,473.4,154.0,28.0,25
2026-02-01T11:00,603.0,588.2,174.0,29.7,13
2026-02-01T12:00,773.0,750.5,155.0,31.4,1
2026-02-01T13:00,841.0,817.1,141.0,32.2,4
2026-02-01T14:00,810.0,815.2,136.0,33.0,22
2026-02-01T15:00,657.0,683.6,154.0,33.0,3
2026-02-01T16:00,515.0,662.7,124.0,32.7,3
2026-02-01T17:00,319.0,573.6,90.0,32.0,1
2026-02-01T18:00,111.0,362.5,47.0,30.9,8
2026-02-01T19:00,3.0,0.0,3.0,30.3,0
2026-02-01T20:00,0.0,0.0,0.0,29.6,42
2026-02-01T21:00,0.0,0.0,0.0,29.5,5
2026-02-01T22:00,0.0,0.0,0.0,29.4,51
2026-02-01T23:00,0.0,0.0,0.0,28.8,34
2026-02-02T00:00,0.0,0.0,0.0,27.8,0
2026-02-02T01:00,0.0,0.0,0.0,26.5,0
2026-02-02T02:00,0.0,0.0,0.0,25.7,0
2026-02-02T03:00,0.0,0.0,0.0,25.2,0
2026-02-02T04:00,0.0,0.0,0.0,24.8,0
2026-02-02T05:00,0.0,0.0,0.0,24.4,0
2026-02-02T06:00,0.0,0.0,0.0,24.1,0
2026-02-02T07:00,2.0,0.0,2.0,24.0,0
2026-02-02T08:00,103.0,355.0,44.0,25.1,0
2026-02-02T09:00,318.0,598.2,85.0,26.9,3
2026-02-02T10:00,536.0,736.2,107.0,29.1,9
2026-02-02T11:00,712.0,809.3,120.0,30.8,38
2026-02-02T12:00,824.0,842.8,128.0,31.4,85
2026-02-02T13:00,862.0,849.6,132.0,31.8,74
2026-02-02T14:00,827.0,841.5,129.0,32.3,84
2026-02-02T15:00,720.0,812.5,120.0,32.5,79
2026-02-02T16:00,481.0,529.9,167.0,32.4,57
2026-02-02T17:00,199.0,132.0,146.0,31.1,3
2026-02-02T18:00,98.0,252.0,53.0,30.5,0
2026-02-02T19:00,3.0,18.4,2.0,29.5,33
2026-02-02T20:00,0.0,0.0,0.0,28.7,41
2026-02-02T21:00,0.0,0.0,0.0,28.2,74
2026-02-02T22:00,0.0,0.0,0.0,28.1,100
2026-02-02T23:00,0.0,0.0,0.0,28.6,88
2026-02-03T00:00,0.0,0.0,0.0,28.4,83
2026-02-03T01:00,0.0,0.0,0.0,27.6,52
2026-02-03T02:00,0.0,0.0,0.0,26.8,76
2026-02-03T03:00,0.0,0.0,0.0,26.2,5
2026-02-03T04:00,0.0,0.0,0.0,25.5,0
2026-02-03T05:00,0.0,0.0,0.0,24.8,0
2026-02-03T06:00,0.0,0.0,0.0,24.2,0
2026-02-03T07:00,2.0,0.0,2.0,24.1,0
2026-02-03T08:00,101.0,335.6,45.0,24.9,2
2026-02-03T09:00,310.0,560.1,91.0,26.5,7
2026-02-03T10:00,519.0,679.2,122.0,28.4,0
2026-02-03T11:00,699.0,779.6,127.0,30.1,0
2026-02-03T12:00,810.0,815.0,135.0,31.3,1
2026-02-03T13:00,849.0,821.5,141.0,32.0,9
2026-02-03T14:00,788.0,761.9,154.0,33.0,17
2026-02-03T15:00,662.0,680.0,158.0,33.2,38
2026-02-03T16:00,453.0,500.8,155.0,32.3,63
2026-02-03T17:00,226.0,274.8,115.0,31.4,27
2026-02-03T18:00,99.0,282.5,48.0,30.6,40
2026-02-03T19:00,3.0,0.0,3.0,30.5,32
2026-02-03T20:00,0.0,0.0,0.0,30.3,55
2026-02-03T21:00,0.0,0.0,0.0,30.1,51
2026-02-03T22:00,0.0,0.0,0.0,29.4,29
2026-02-03T23:00,0.0,0.0,0.0,28.7,24
2026-02-04T00:00,0.0,0.0,0.0,28.3,13
2026-02-04T01:00,0.0,0.0,0.0,27.5,7
2026-02-04T02:00,0.0,0.0,0.0,26.7,13
2026-02-04T03:00,0.0,0.0,0.0,26.3,0
2026-02-04T04:00,0.0,0.0,0.0,26.0,0
2026-02-04T05:00,0.0,0.0,0.0,25.6,1
2026-02-04T06:00,0.0,0.0,0.0,25.2,6
2026-02-04T07:00,2.0,0.0,2.0,24.7,24
2026-02-04T08:00,97.0,292.4,48.0,25.7,51
2026-02-04T09:00,298.0,509.6,98.0,27.9,40
2026-02-04T10:00,461.0,498.0,169.0,29.9,18
2026-02-04T11:00,647.0,652.3,167.0,31.7,24
2026-02-04T12:00,771.0,698.2,191.0,33.4,50
2026-02-04T13:00,694.0,540.2,227.0,33.2,70
2026-02-04T14:00,642.0,494.7,229.0,33.8,91
2026-02-04T15:00,569.0,521.7,181.0,33.5,98
2026-02-04T16:00,403.0,420.0,152.0,32.7,95
2026-02-04T17:00,255.0,398.9,93.0,32.3,73
2026-02-04T18:00,90.0,252.0,44.0,31.7,75
2026-02-04T19:00,3.0,0.0,3.0,30.8,84
2026-02-04T20:00,0.0,0.0,0.0,30.3,21
2026-02-04T21:00,0.0,0.0,0.0,29.8,2
2026-02-04T22:00,0.0,0.0,0.0,29.3,0
2026-02-04T23:00,0.0,0.0,0.0,28.9,6
2026-02-05T00:00,0.0,0.0,0.0,28.4,5
2026-02-05T01:00,0.0,0.0,0.0,28.0,9
2026-02-05T02:00,0.0,0.0,0.0,27.4,1
2026-02-05T03:00,0.0,0.0,0.0,26.7,35
2026-02-05T04:00,0.0,0.0,0.0,26.0,92
2026-02-05T05:00,0.0,0.0,0.0,25.6,87
2026-02-05T06:00,0.0,0.0,0.0,25.2,95
2026-02-05T07:00,2.0,0.0,2.0,25.0,30
2026-02-05T08:00,100.0,326.3,45.0,26.1,5
2026-02-05T09:00,309.0,555.7,90.0,28.9,3
2026-02-05T10:00,520.0,693.5,112.0,31.4,0
2026-02-05T11:00,694.0,769.5,126.0,33.1,0
2026-02-05T12:00,807.0,807.8,134.0,34.5,20
2026-02-05T13:00,816.0,767.0,151.0,34.4,50
2026-02-05T14:00,724.0,644.8,184.0,34.6,38
2026-02-05T15:00,644.0,647.1,161.0,34.2,29
2026-02-05T16:00,452.0,500.0,152.0,32.8,12
2026-02-05T17:00,286.0,455.5,100.0,32.1,10
2026-02-05T18:00,112.0,336.1,50.0,30.9,26
2026-02-05T19:00,3.0,17.5,2.0,29.8,10
2026-02-05T20:00,0.0,0.0,0.0,29.1,3
2026-02-05T21:00,0.0,0.0,0.0,28.2,2
2026-02-05T22:00,0.0,0.0,0.0,27.6,1
2026-02-05T23:00,0.0,0.0,0.0,27.0,2
2026-02-06T00:00,0.0,0.0,0.0,26.6,80
2026-02-06T01:00,0.0,0.0,0.0,26.5,91
2026-02-06T02:00,0.0,0.0,0.0,26.4,91
2026-02-06T03:00,0.0,0.0,0.0,26.1,88
2026-02-06T04:00,0.0,0.0,0.0,25.8,100
2026-02-06T05:00,0.0,0.0,0.0,25.5,82
2026-02-06T06:00,0.0,0.0,0.0,25.4,53
2026-02-06T07:00,2.0,0.0,2.0,25.7,0
2026-02-06T08:00,99.0,312.1,46.0,27.4,2
2026-02-06T09:00,304.0,530.7,94.0,29.1,7
2026-02-06T10:00,499.0,635.3,124.0,30.6,12
2026-02-06T11:00,643.0,669.9,147.0,31.8,19
2026-02-06T12:00,738.0,686.9,164.0,32.7,38
2026-02-06T13:00,728.0,617.5,191.0,32.9,51
2026-02-06T14:00,702.0,610.6,189.0,33.1,43
2026-02-06T15:00,619.0,610.2,162.0,32.4,32
2026-02-06T16:00,480.0,542.8,153.0,31.6,46
2026-02-06T17:00,288.0,436.0,109.0,30.9,30
2026-02-06T18:00,101.0,279.1,49.0,29.3,12
2026-02-06T19:00,3.0,17.2,2.0,29.3,9
2026-02-06T20:00,0.0,0.0,0.0,28.6,5
2026-02-06T21:00,0.0,0.0,0.0,28.0,2
2026-02-06T22:00,0.0,0.0,0.0,27.5,1
2026-02-06T23:00,0.0,0.0,0.0,27.2,0
2026-02-07T00:00,0.0,0.0,0.0,27.2,0
2026-02-07T01:00,0.0,0.0,0.0,27.1,0
2026-02-07T02:00,0.0,0.0,0.0,26.8,0
2026-02-07T03:00,0.0,0.0,0.0,26.5,0
2026-02-07T04:00,0.0,0.0,0.0,26.3,0
2026-02-07T05:00,0.0,0.0,0.0,26.0,5
2026-02-07T06:00,0.0,0.0,0.0,25.7,19
2026-02-07T07:00,2.0,0.0,2.0,25.9,9
2026-02-07T08:00,96.0,292.2,46.0,27.5,5
2026-02-07T09:00,305.0,531.0,94.0,29.5,3
2026-02-07T10:00,486.0,602.7,129.0,30.8,6
2026-02-07T11:00,672.0,715.0,141.0,32.2,29
2026-02-07T12:00,736.0,671.7,173.0,32.9,52
2026-02-07T13:00,734.0,616.7,196.0,32.4,91
2026-02-07T14:00,600.0,435.5,233.0,32.2,50
2026-02-07T15:00,587.0,532.2,187.0,32.2,20
2026-02-07T16:00,466.0,529.0,146.0,31.6,97
2026-02-07T17:00,309.0,516.1,96.0,30.5,97
2026-02-07T18:00,108.0,292.2,53.0,29.1,100
2026-02-07T19:00,3.0,0.0,3.0,28.7,100
2026-02-07T20:00,0.0,0.0,0.0,28.1,100
2026-02-07T21:00,0.0,0.0,0.0,27.8,100
2026-02-07T22:00,0.0,0.0,0.0,27.5,100
2026-02-07T23:00,0.0,0.0,0.0,27.2,100
2026-02-08T00:00,0.0,0.0,0.0,26.9,98
2026-02-08T01:00,0.0,0.0,0.0,26.8,15
2026-02-08T02:00,0.0,0.0,0.0,26.7,29
2026-02-08T03:00,0.0,0.0,0.0,26.5,5
2026-02-08T04:00,0.0,0.0,0.0,26.4,24
2026-02-08T05:00,0.0,0.0,0.0,26.4,97
2026-02-08T06:00,0.0,0.0,0.0,26.3,61
2026-02-08T07:00,2.0,0.0,2.0,26.5,99
2026-02-08T08:00,99.0,295.7,48.0,28.0,98
2026-02-08T09:00,301.0,503.6,100.0,29.4,91
2026-02-08T10:00,509.0,654.5,120.0,30.4,84
2026-02-08T11:00,559.0,527.5,166.0,30.4,91
2026-02-08T12:00,610.0,494.8,194.0,30.6,100
2026-02-08T13:00,672.0,500.6,234.0,30.1,99
2026-02-08T14:00,577.0,382.1,254.0,31.5,95
2026-02-08T15:00,665.0,686.9,147.0,32.6,96
2026-02-08T16:00,509.0,624.1,130.0,29.9,99
2026-02-08T17:00,197.0,212.1,109.0,27.2,90
2026-02-08T18:00,90.0,210.5,50.0,27.4,58
2026-02-08T19:00,3.0,0.0,3.0,24.1,100
2026-02-08T20:00,0.0,0.0,0.0,25.0,99
2026-02-08T21:00,0.0,0.0,0.0,25.1,72
2026-02-08T22:00,0.0,0.0,0.0,25.0,50
2026-02-08T23:00,0.0,0.0,0.0,25.2,42
2026-02-09T00:00,0.0,0.0,0.0,25.3,53
2026-02-09T01:00,0.0,0.0,0.0,25.5,92
2026-02-09T02:00,0.0,0.0,0.0,25.5,94
2026-02-09T03:00,0.0,0.0,0.0,24.8,92
2026-02-09T04:00,0.0,0.0,0.0,22.8,100
2026-02-09T05:00,0.0,0.0,0.0,23.3,99
2026-02-09T06:00,0.0,0.0,0.0,23.4,95
2026-02-09T07:00,2.0,0.0,2.0,24.1,86
2026-02-09T08:00,100.0,287.5,50.0,25.1,74
2026-02-09T09:00,303.0,501.4,102.0,25.6,86
2026-02-09T10:00,150.0,6.7,146.0,25.3,63
2026-02-09T11:00,543.0,421.5,228.0,28.6,59
2026-02-09T12:00,784.0,731.7,167.0,30.5,69
2026-02-09T13:00,773.0,658.6,195.0,31.1,88
2026-02-09T14:00,822.0,803.0,141.0,32.0,97
2026-02-09T15:00,661.0,670.1,154.0,32.4,77
2026-02-09T16:00,520.0,634.8,133.0,32.3,22
2026-02-09T17:00,313.0,522.8,95.0,31.5,9
2026-02-09T18:00,114.0,333.7,50.0,29.9,14
2026-02-09T19:00,4.0,16.5,3.0,28.6,5
2026-02-09T20:00,0.0,0.0,0.0,27.3,4
2026-02-09T21:00,0.0,0.0,0.0,26.4,4
2026-02-09T22:00,0.0,0.0,0.0,25.6,2
2026-02-09T23:00,0.0,0.0,0.0,24.8,1
2026-02-10T00:00,0.0,0.0,0.0,24.3,1
2026-02-10T01:00,0.0,0.0,0.0,23.9,1
2026-02-10T02:00,0.0,0.0,0.0,23.6,0
2026-02-10T03:00,0.0,0.0,0.0,23.3,0
2026-02-10T04:00,0.0,0.0,0.0,23.1,0
2026-02-10T05:00,0.0,0.0,0.0,22.9,0
2026-02-10T06:00,0.0,0.0,0.0,22.8,0
2026-02-10T07:00,2.0,0.0,2.0,23.2,0
2026-02-10T08:00,106.0,336.4,47.0,24.7,0
2026-02-10T09:00,319.0,568.7,90.0,26.9,14
2026-02-10T10:00,535.0,703.3,114.0,29.3,45
2026-02-10T11:00,709.0,773.7,129.0,31.1,62
2026-02-10T12:00,823.0,811.1,137.0,32.5,77
2026-02-10T13:00,863.0,819.2,142.0,32.8,91
2026-02-10T14:00,796.0,728.9,176.0,33.4,83
2026-02-10T15:00,724.0,786.4,127.0,33.8,76
2026-02-10T16:00,557.0,728.8,111.0,33.5,55
2026-02-10T17:00,340.0,596.6,90.0,32.3,71
2026-02-10T18:00,122.0,372.0,50.0,30.2,93
2026-02-10T19:00,4.0,16.3,3.0,28.8,97
2026-02-10T20:00,0.0,0.0,0.0,28.1,91
2026-02-10T21:00,0.0,0.0,0.0,27.6,70
2026-02-10T22:00,0.0,0.0,0.0,27.0,40
2026-02-10T23:00,0.0,0.0,0.0,26.3,97
2026-02-11T00:00,0.0,0.0,0.0,25.6,85
2026-02-11T01:00,0.0,0.0,0.0,25.5,85
2026-02-11T02:00,0.0,0.0,0.0,25.1,49
2026-02-11T03:00,0.0,0.0,0.0,24.9,89
2026-02-11T04:00,0.0,0.0,0.0,24.7,93
2026-02-11T05:00,0.0,0.0,0.0,24.4,67
2026-02-11T06:00,0.0,0.0,0.0,24.0,88
2026-02-11T07:00,2.0,0.0,2.0,24.3,69
2026-02-11T08:00,107.0,344.8,46.0,26.2,71
2026-02-11T09:00,320.0,568.5,90.0,28.7,56
2026-02-11T10:00,534.0,697.5,115.0,30.8,62
2026-02-11T11:00,710.0,772.5,129.0,32.5,49
2026-02-11T12:00,823.0,807.5,138.0,33.9,9
2026-02-11T13:00,865.0,822.4,139.0,34.3,94
2026-02-11T14:00,831.0,807.5,142.0,35.2,96
2026-02-11T15:00,714.0,744.5,147.0,35.2,100
2026-02-11T16:00,538.0,656.1,135.0,34.6,100
2026-02-11T17:00,332.0,534.4,107.0,33.8,96
2026-02-11T18:00,117.0,286.8,61.0,31.9,100
2026-02-11T19:00,5.0,0.0,5.0,30.7,100
2026-02-11T20:00,0.0,0.0,0.0,29.9,95
2026-02-11T21:00,0.0,0.0,0.0,29.2,98
2026-02-11T22:00,0.0,0.0,0.0,28.4,80
2026-02-11T23:00,0.0,0.0,0.0,27.7,95
2026-02-12T00:00,0.0,0.0,0.0,27.2,52
2026-02-12T01:00,0.0,0.0,0.0,26.3,48
2026-02-12T02:00,0.0,0.0,0.0,25.9,16
2026-02-12T03:00,0.0,0.0,0.0,25.4,62
2026-02-12T04:00,0.0,0.0,0.0,25.3,34
2026-02-12T05:00,0.0,0.0,0.0,25.1,11
2026-02-12T06:00,0.0,0.0,0.0,24.9,16
2026-02-12T07:00,2.0,0.0,2.0,25.0,47
2026-02-12T08:00,106.0,324.9,48.0,27.0,55
2026-02-12T09:00,318.0,553.5,93.0,29.3,31
2026-02-12T10:00,533.0,691.6,116.0,31.1,34
2026-02-12T11:00,698.0,746.2,135.0,32.6,29
2026-02-12T12:00,738.0,674.6,164.0,33.3,34
2026-02-12T13:00,780.0,686.7,172.0,32.9,42
2026-02-12T14:00,597.0,463.9,200.0,31.0,55
2026-02-12T15:00,447.0,269.6,241.0,31.1,52
2026-02-12T16:00,421.0,397.4,176.0,31.2,48
2026-02-12T17:00,242.0,314.4,109.0,30.2,15
2026-02-12T18:00,107.0,279.3,52.0,28.8,16
2026-02-12T19:00,4.0,15.9,3.0,28.7,20
2026-02-12T20:00,0.0,0.0,0.0,28.0,38
2026-02-12T21:00,0.0,0.0,0.0,27.7,93
2026-02-12T22:00,0.0,0.0,0.0,27.5,85
2026-02-12T23:00,0.0,0.0,0.0,27.3,84
2026-02-13T00:00,0.0,0.0,0.0,27.0,99
2026-02-13T01:00,0.0,0.0,0.0,26.9,98
2026-02-13T02:00,0.0,0.0,0.0,26.8,96
2026-02-13T03:00,0.0,0.0,0.0,26.5,86
2026-02-13T04:00,0.0,0.0,0.0,26.3,40
2026-02-13T05:00,0.0,0.0,0.0,25.9,74
2026-02-13T06:00,0.0,0.0,0.0,25.6,91
2026-02-13T07:00,2.0,0.0,2.0,26.3,45
2026-02-13T08:00,101.0,271.9,52.0,27.3,59
2026-02-13T09:00,258.0,367.2,108.0,28.7,43
2026-02-13T10:00,451.0,508.9,143.0,30.1,74
2026-02-13T11:00,604.0,579.9,165.0,31.4,95
2026-02-13T12:00,738.0,673.7,163.0,32.6,96
2026-02-13T13:00,683.0,486.5,251.0,31.9,57
2026-02-13T14:00,760.0,680.3,176.0,32.6,69
2026-02-13T15:00,671.0,652.3,171.0,32.5,80
2026-02-13T16:00,496.0,565.7,146.0,32.4,16
2026-02-13T17:00,306.0,482.4,101.0,31.5,16
2026-02-13T18:00,115.0,322.4,51.0,29.6,23
2026-02-13T19:00,5.0,15.7,4.0,28.7,11
2026-02-13T20:00,0.0,0.0,0.0,28.1,9
2026-02-13T21:00,0.0,0.0,0.0,27.9,41
2026-02-13T22:00,0.0,0.0,0.0,27.5,2
2026-02-13T23:00,0.0,0.0,0.0,27.2,76
2026-02-14T00:00,0.0,0.0,0.0,27.0,98
2026-02-14T01:00,0.0,0.0,0.0,26.8,93
2026-02-14T02:00,0.0,0.0,0.0,26.7,99
2026-02-14T03:00,0.0,0.0,0.0,26.5,95
2026-02-14T04:00,0.0,0.0,0.0,26.2,96
2026-02-14T05:00,0.0,0.0,0.0,25.7,99
2026-02-14T06:00,0.0,0.0,0.0,25.4,99
2026-02-14T07:00,3.0,0.0,3.0,26.0,100
2026-02-14T08:00,101.0,274.8,51.0,27.7,30
2026-02-14T09:00,298.0,457.9,110.0,29.3,4
2026-02-14T10:00,513.0,633.7,128.0,30.9,2
2026-02-14T11:00,690.0,720.2,143.0,32.2,20
2026-02-14T12:00,758.0,691.5,166.0,32.7,44
2026-02-14T13:00,806.0,701.7,181.0,31.9,31
2026-02-14T14:00,726.0,634.2,180.0,32.2,23
2026-02-14T15:00,630.0,589.1,177.0,32.3,8
2026-02-14T16:00,523.0,631.4,131.0,32.3,6
2026-02-14T17:00,314.0,489.7,105.0,31.5,30
2026-02-14T18:00,116.0,314.9,53.0,29.7,22
2026-02-14T19:00,5.0,15.5,4.0,28.8,23
2026-02-14T20:00,0.0,0.0,0.0,28.4,16
2026-02-14T21:00,0.0,0.0,0.0,28.1,6
2026-02-14T22:00,0.0,0.0,0.0,27.7,2
2026-02-14T23:00,0.0,0.0,0.0,27.4,2
2026-02-15T00:00,0.0,0.0,0.0,27.1,1
2026-02-15T01:00,0.0,0.0,0.0,27.2,0
2026-02-15T02:00,0.0,0.0,0.0,27.2,2
2026-02-15T03:00,0.0,0.0,0.0,26.9,26
2026-02-15T04:00,0.0,0.0,0.0,26.4,40
2026-02-15T05:00,0.0,0.0,0.0,26.3,33
2026-02-15T06:00,0.0,0.0,0.0,26.1,17
2026-02-15T07:00,3.0,0.0,3.0,26.5,47
2026-02-15T08:00,106.0,304.6,50.0,27.8,20
2026-02-15T09:00,308.0,496.7,103.0,29.2,6
2026-02-15T10:00,518.0,634.5,131.0,30.8,8
2026-02-15T11:00,680.0,700.7,146.0,32.0,16
2026-02-15T12:00,729.0,624.2,193.0,32.8,17
2026-02-15T13:00,821.0,727.6,171.0,32.9,13
2026-02-15T14:00,757.0,677.5,172.0,33.2,21
2026-02-15T15:00,684.0,680.7,159.0,32.3,69
2026-02-15T16:00,471.0,528.1,142.0,30.9,76
2026-02-15T17:00,252.0,328.9,111.0,31.1,5
2026-02-15T18:00,116.0,297.6,56.0,29.7,9
2026-02-15T19:00,5.0,15.3,4.0,29.3,73
2026-02-15T20:00,0.0,0.0,0.0,28.6,16
2026-02-15T21:00,0.0,0.0,0.0,28.3,15
2026-02-15T22:00,0.0,0.0,0.0,28.0,4
2026-02-15T23:00,0.0,0.0,0.0,27.7,0
2026-02-16T00:00,0.0,0.0,0.0,27.1,0
2026-02-16T01:00,0.0,0.0,0.0,26.9,0
2026-02-16T02:00,0.0,0.0,0.0,26.7,0
2026-02-16T03:00,0.0,0.0,0.0,26.5,0
2026-02-16T04:00,0.0,0.0,0.0,26.0,9
2026-02-16T05:00,0.0,0.0,0.0,25.9,12
2026-02-16T06:00,0.0,0.0,0.0,25.6,6
2026-02-16T07:00,3.0,0.0,3.0,26.6,0
2026-02-16T08:00,107.0,301.5,51.0,28.1,0
2026-02-16T09:00,316.0,527.8,97.0,29.9,0
2026-02-16T10:00,530.0,666.2,122.0,31.6,2
2026-02-16T11:00,693.0,724.5,139.0,32.7,22
2026-02-16T12:00,760.0,679.1,175.0,32.9,55
2026-02-16T13:00,808.0,706.5,175.0,32.4,35
2026-02-16T14:00,732.0,603.9,209.0,33.4,17
2026-02-16T15:00,689.0,687.6,157.0,34.0,14
2026-02-16T16:00,523.0,631.9,128.0,33.6,35
2026-02-16T17:00,308.0,490.1,97.0,31.8,27
2026-02-16T18:00,110.0,285.6,52.0,30.7,16
2026-02-16T19:00,5.0,15.2,4.0,30.1,23
2026-02-16T20:00,0.0,0.0,0.0,29.5,14
2026-02-16T21:00,0.0,0.0,0.0,28.7,4
2026-02-16T22:00,0.0,0.0,0.0,28.5,2
2026-02-16T23:00,0.0,0.0,0.0,28.4,1
2026-02-17T00:00,0.0,0.0,0.0,27.9,0
2026-02-17T01:00,0.0,0.0,0.0,28.0,1
2026-02-17T02:00,0.0,0.0,0.0,27.7,0
2026-02-17T03:00,0.0,0.0,0.0,27.5,5
2026-02-17T04:00,0.0,0.0,0.0,27.3,67
2026-02-17T05:00,0.0,0.0,0.0,27.1,77
2026-02-17T06:00,0.0,0.0,0.0,26.8,54
2026-02-17T07:00,3.0,0.0,3.0,27.3,70
2026-02-17T08:00,107.0,292.9,52.0,28.8,96
2026-02-17T09:00,305.0,489.0,101.0,30.1,93
2026-02-17T10:00,476.0,531.8,149.0,31.2,79
2026-02-17T11:00,680.0,681.6,157.0,32.1,91
2026-02-17T12:00,690.0,517.3,243.0,31.7,91
2026-02-17T13:00,628.0,455.1,219.0,31.5,96
2026-02-17T14:00,712.0,611.3,181.0,31.9,99
2026-02-17T15:00,641.0,603.1,173.0,32.1,100
2026-02-17T16:00,465.0,470.3,170.0,31.7,22
2026-02-17T17:00,297.0,451.1,102.0,30.4,28
2026-02-17T18:00,108.0,259.1,55.0,29.4,27
2026-02-17T19:00,5.0,15.0,4.0,29.2,94
2026-02-17T20:00,0.0,0.0,0.0,28.4,53
2026-02-17T21:00,0.0,0.0,0.0,28.0,10
2026-02-17T22:00,0.0,0.0,0.0,27.6,12
2026-02-17T23:00,0.0,0.0,0.0,27.6,2
2026-02-18T00:00,0.0,0.0,0.0,27.6,51
2026-02-18T01:00,0.0,0.0,0.0,27.5,85
2026-02-18T02:00,0.0,0.0,0.0,27.4,96
2026-02-18T03:00,0.0,0.0,0.0,27.0,100
2026-02-18T04:00,0.0,0.0,0.0,26.9,100
2026-02-18T05:00,0.0,0.0,0.0,26.4,100
2026-02-18T06:00,0.0,0.0,0.0,24.1,99
2026-02-18T07:00,3.0,0.0,3.0,23.6,99
2026-02-18T08:00,67.0,79.0,52.0,24.9,100
2026-02-18T09:00,255.0,350.4,108.0,27.0,78
2026-02-18T10:00,468.0,550.7,128.0,27.6,100
2026-02-18T11:00,367.0,214.3,202.0,26.5,100
2026-02-18T12:00,755.0,634.5,205.0,30.1,100
2026-02-18T13:00,796.0,626.9,231.0,31.4,97
2026-02-18T14:00,792.0,709.4,174.0,32.5,100
2026-02-18T15:00,658.0,639.8,160.0,33.1,100
2026-02-18T16:00,468.0,506.9,149.0,33.2,100
2026-02-18T17:00,299.0,384.8,132.0,32.8,100
2026-02-18T18:00,108.0,199.1,67.0,31.3,100
2026-02-18T19:00,5.0,14.9,4.0,30.5,100
2026-02-18T20:00,0.0,0.0,0.0,29.7,98
2026-02-18T21:00,0.0,0.0,0.0,28.8,45
2026-02-18T22:00,0.0,0.0,0.0,27.7,14
2026-02-18T23:00,0.0,0.0,0.0,26.9,6
2026-02-19T00:00,0.0,0.0,0.0,26.5,3
2026-02-19T01:00,0.0,0.0,0.0,26.1,100
2026-02-19T02:00,0.0,0.0,0.0,26.2,57
2026-02-19T03:00,0.0,0.0,0.0,25.8,8
2026-02-19T04:00,0.0,0.0,0.0,25.6,5
2026-02-19T05:00,0.0,0.0,0.0,25.5,2
2026-02-19T06:00,0.0,0.0,0.0,25.2,32
2026-02-19T07:00,4.0,16.7,3.0,25.6,63
2026-02-19T08:00,114.0,317.8,53.0,27.2,85
2026-02-19T09:00,327.0,547.5,96.0,29.3,80
2026-02-19T10:00,541.0,671.0,125.0,30.6,24
2026-02-19T11:00,698.0,718.3,143.0,31.5,16
2026-02-19T12:00,818.0,767.1,151.0,32.5,49
2026-02-19T13:00,872.0,802.0,147.0,33.4,40
2026-02-19T14:00,844.0,804.7,141.0,34.0,80
2026-02-19T15:00,734.0,769.9,133.0,34.2,89
2026-02-19T16:00,561.0,701.7,118.0,34.0,4
2026-02-19T17:00,348.0,580.6,95.0,33.4,1
2026-02-19T18:00,129.0,361.7,54.0,31.9,3
2026-02-19T19:00,6.0,14.7,5.0,30.9,11
2026-02-19T20:00,0.0,0.0,0.0,30.4,83
2026-02-19T21:00,0.0,0.0,0.0,29.5,100
2026-02-19T22:00,0.0,0.0,0.0,28.8,98
2026-02-19T23:00,0.0,0.0,0.0,28.4,98
2026-02-20T00:00,0.0,0.0,0.0,28.0,98
2026-02-20T01:00,0.0,0.0,0.0,27.3,99
2026-02-20T02:00,0.0,0.0,0.0,26.9,100
2026-02-20T03:00,0.0,0.0,0.0,26.7,100
2026-02-20T04:00,0.0,0.0,0.0,26.4,100
2026-02-20T05:00,0.0,0.0,0.0,25.9,100
2026-02-20T06:00,0.0,0.0,0.0,25.6,100
2026-02-20T07:00,4.0,0.0,4.0,25.6,100
2026-02-20T08:00,111.0,267.9,59.0,27.2,100
2026-02-20T09:00,312.0,452.5,120.0,29.7,98
2026-02-20T10:00,528.0,607.1,150.0,30.8,100
2026-02-20T11:00,710.0,714.5,156.0,31.4,100
2026-02-20T12:00,813.0,709.7,194.0,32.2,100
2026-02-20T13:00,866.0,757.8,179.0,32.8,98
2026-02-20T14:00,840.0,783.0,154.0,33.4,87
2026-02-20T15:00,734.0,754.9,143.0,33.6,84
2026-02-20T16:00,555.0,663.2,135.0,33.3,66
2026-02-20T17:00,340.0,530.4,108.0,32.6,45
2026-02-20T18:00,127.0,325.9,59.0,31.4,37
2026-02-20T19:00,6.0,14.6,5.0,30.6,1
2026-02-20T20:00,0.0,0.0,0.0,30.1,0
2026-02-20T21:00,0.0,0.0,0.0,29.4,2
2026-02-20T22:00,0.0,0.0,0.0,28.6,1
2026-02-20T23:00,0.0,0.0,0.0,27.8,0
2026-02-21T00:00,0.0,0.0,0.0,27.2,3
2026-02-21T01:00,0.0,0.0,0.0,26.5,0
2026-02-21T02:00,0.0,0.0,0.0,26.4,5
2026-02-21T03:00,0.0,0.0,0.0,25.8,0
2026-02-21T04:00,0.0,0.0,0.0,25.2,0
2026-02-21T05:00,0.0,0.0,0.0,25.1,0
2026-02-21T06:00,0.0,0.0,0.0,24.6,0
2026-02-21T07:00,4.0,16.1,3.0,24.8,2
2026-02-21T08:00,118.0,336.1,52.0,26.8,3
2026-02-21T09:00,335.0,564.7,94.0,29.9,2
2026-02-21T10:00,552.0,694.2,118.0,31.8,2
2026-02-21T11:00,727.0,764.7,132.0,33.1,29
2026-02-21T12:00,841.0,798.9,142.0,34.0,45
2026-02-21T13:00,876.0,802.9,146.0,34.1,48
2026-02-21T14:00,796.0,718.2,165.0,34.2,59
2026-02-21T15:00,665.0,631.7,169.0,33.3,55
2026-02-21T16:00,533.0,620.3,139.0,32.9,30
2026-02-21T17:00,334.0,530.7,101.0,32.3,13
2026-02-21T18:00,121.0,314.3,55.0,30.7,5
2026-02-21T19:00,6.0,14.5,5.0,30.3,14
2026-02-21T20:00,0.0,0.0,0.0,29.5,46
2026-02-21T21:00,0.0,0.0,0.0,29.0,59
2026-02-21T22:00,0.0,0.0,0.0,28.5,5
2026-02-21T23:00,0.0,0.0,0.0,28.2,5
2026-02-22T00:00,0.0,0.0,0.0,28.0,6
2026-02-22T01:00,0.0,0.0,0.0,28.0,1
2026-02-22T02:00,0.0,0.0,0.0,27.8,10
2026-02-22T03:00,0.0,0.0,0.0,27.4,1
2026-02-22T04:00,0.0,0.0,0.0,27.0,4
2026-02-22T05:00,0.0,0.0,0.0,26.5,6
2026-02-22T06:00,0.0,0.0,0.0,26.3,2
2026-02-22T07:00,4.0,15.8,3.0,26.8,11
2026-02-22T08:00,112.0,292.0,54.0,28.5,13
2026-02-22T09:00,314.0,484.5,106.0,30.2,5
2026-02-22T10:00,536.0,649.8,128.0,31.9,2
2026-02-22T11:00,711.0,728.7,142.0,33.3,2
2026-02-22T12:00,826.0,769.1,151.0,34.5,3
2026-02-22T13:00,863.0,778.6,153.0,34.7,13
2026-02-22T14:00,794.0,721.9,158.0,35.3,16
2026-02-22T15:00,692.0,690.9,148.0,35.0,9
2026-02-22T16:00,497.0,546.2,149.0,33.8,59
2026-02-22T17:00,285.0,426.7,97.0,31.8,80
2026-02-22T18:00,109.0,279.3,50.0,30.5,70
2026-02-22T19:00,6.0,14.3,5.0,30.8,40
2026-02-22T20:00,0.0,0.0,0.0,24.6,99
2026-02-22T21:00,0.0,0.0,0.0,25.7,58
2026-02-22T22:00,0.0,0.0,0.0,26.2,32
2026-02-22T23:00,0.0,0.0,0.0,26.3,30
2026-02-23T00:00,0.0,0.0,0.0,26.5,6
2026-02-23T01:00,0.0,0.0,0.0,25.7,2
2026-02-23T02:00,0.0,0.0,0.0,26.5,5
2026-02-23T03:00,0.0,0.0,0.0,26.8,5
2026-02-23T04:00,0.0,0.0,0.0,26.9,7
2026-02-23T05:00,0.0,0.0,0.0,26.7,5
2026-02-23T06:00,0.0,0.0,0.0,26.7,2
2026-02-23T07:00,4.0,15.6,3.0,27.1,5
2026-02-23T08:00,113.0,283.6,56.0,28.4,8
2026-02-23T09:00,319.0,497.9,104.0,29.5,11
2026-02-23T10:00,519.0,602.7,139.0,30.3,23
2026-02-23T11:00,671.0,634.3,174.0,30.8,13
2026-02-23T12:00,790.0,683.8,188.0,31.2,12
2026-02-23T13:00,833.0,696.6,196.0,31.7,20
2026-02-23T14:00,810.0,722.2,172.0,32.1,12
2026-02-23T15:00,711.0,716.9,145.0,31.9,16
2026-02-23T16:00,534.0,640.1,125.0,31.2,13
2026-02-23T17:00,331.0,522.4,100.0,30.1,34
2026-02-23T18:00,119.0,310.6,53.0,28.8,70
2026-02-23T19:00,6.0,14.2,5.0,28.7,13
2026-02-23T20:00,0.0,0.0,0.0,28.2,8
2026-02-23T21:00,0.0,0.0,0.0,28.1,48
2026-02-23T22:00,0.0,0.0,0.0,28.0,59
2026-02-23T23:00,0.0,0.0,0.0,27.9,30
2026-02-24T00:00,0.0,0.0,0.0,27.8,45
2026-02-24T01:00,0.0,0.0,0.0,28.0,13
2026-02-24T02:00,0.0,0.0,0.0,27.8,20
2026-02-24T03:00,0.0,0.0,0.0,27.7,28
2026-02-24T04:00,0.0,0.0,0.0,27.4,34
2026-02-24T05:00,0.0,0.0,0.0,27.3,23
2026-02-24T06:00,0.0,0.0,0.0,27.0,9
2026-02-24T07:00,5.0,15.3,4.0,27.4,16
2026-02-24T08:00,111.0,280.4,54.0,28.5,7
2026-02-24T09:00,315.0,478.8,107.0,29.6,36
2026-02-24T10:00,523.0,609.6,137.0,30.5,13
2026-02-24T11:00,679.0,669.0,153.0,31.2,8
2026-02-24T12:00,803.0,725.9,162.0,31.7,9
2026-02-24T13:00,821.0,704.5,175.0,31.3,20
2026-02-24T14:00,796.0,697.7,178.0,32.4,9
2026-02-24T15:00,652.0,616.5,164.0,30.7,31
2026-02-24T16:00,497.0,568.0,133.0,30.7,2
2026-02-24T17:00,336.0,522.9,104.0,29.9,2
2026-02-24T18:00,130.0,341.7,57.0,28.9,1
2026-02-24T19:00,6.0,14.1,5.0,28.9,0
2026-02-24T20:00,0.0,0.0,0.0,28.5,1
2026-02-24T21:00,0.0,0.0,0.0,28.2,2
2026-02-24T22:00,0.0,0.0,0.0,28.0,5
2026-02-24T23:00,0.0,0.0,0.0,27.6,0
2026-02-25T00:00,0.0,0.0,0.0,27.1,0
2026-02-25T01:00,0.0,0.0,0.0,27.4,2
2026-02-25T02:00,0.0,0.0,0.0,27.4,2
2026-02-25T03:00,0.0,0.0,0.0,26.9,7
2026-02-25T04:00,0.0,0.0,0.0,26.8,20
2026-02-25T05:00,0.0,0.0,0.0,26.5,6
2026-02-25T06:00,0.0,0.0,0.0,26.2,23
2026-02-25T07:00,4.0,15.0,3.0,25.8,29
2026-02-25T08:00,100.0,218.8,55.0,26.8,41
2026-02-25T09:00,268.0,334.1,122.0,28.4,13
2026-02-25T10:00,534.0,613.3,144.0,30.0,20
2026-02-25T11:00,670.0,626.1,176.0,31.2,20
2026-02-25T12:00,792.0,675.2,194.0,32.2,30
2026-02-25T13:00,793.0,594.9,246.0,31.5,30
2026-02-25T14:00,762.0,657.5,178.0,31.2,37
2026-02-25T15:00,647.0,582.1,185.0,31.8,67
2026-02-25T16:00,491.0,516.7,159.0,31.5,60
2026-02-25T17:00,340.0,532.4,103.0,31.0,83
2026-02-25T18:00,128.0,330.5,57.0,29.7,96
2026-02-25T19:00,6.0,14.0,5.0,29.2,33
2026-02-25T20:00,0.0,0.0,0.0,28.9,59
2026-02-25T21:00,0.0,0.0,0.0,28.6,35
2026-02-25T22:00,0.0,0.0,0.0,28.4,1
2026-02-25T23:00,0.0,0.0,0.0,28.2,1
2026-02-26T00:00,0.0,0.0,0.0,27.7,1
2026-02-26T01:00,0.0,0.0,0.0,27.7,17
2026-02-26T02:00,0.0,0.0,0.0,27.6,38
2026-02-26T03:00,0.0,0.0,0.0,27.0,38
2026-02-26T04:00,0.0,0.0,0.0,26.0,64
2026-02-26T05:00,0.0,0.0,0.0,25.4,34
2026-02-26T06:00,0.0,0.0,0.0,24.5,32
2026-02-26T07:00,4.0,0.0,4.0,26.4,2
2026-02-26T08:00,121.0,307.5,57.0,27.3,38
2026-02-26T09:00,301.0,430.0,112.0,28.4,68
2026-02-26T10:00,432.0,433.8,155.0,29.6,21
2026-02-26T11:00,687.0,635.4,184.0,31.3,97
2026-02-26T12:00,789.0,664.2,199.0,32.3,66
2026-02-26T13:00,836.0,689.8,200.0,33.1,95
2026-02-26T14:00,783.0,707.5,153.0,33.5,91
2026-02-26T15:00,687.0,640.9,177.0,33.0,87
2026-02-26T16:00,538.0,591.3,157.0,32.2,97
2026-02-26T17:00,322.0,488.1,104.0,30.8,88
2026-02-26T18:00,122.0,291.7,59.0,29.2,41
2026-02-26T19:00,7.0,13.9,6.0,29.8,100
2026-02-26T20:00,0.0,0.0,0.0,29.0,28
2026-02-26T21:00,0.0,0.0,0.0,27.8,16
2026-02-26T22:00,0.0,0.0,0.0,27.2,20
2026-02-26T23:00,0.0,0.0,0.0,26.8,7
2026-02-27T00:00,0.0,0.0,0.0,26.5,1
2026-02-27T01:00,0.0,0.0,0.0,26.6,97
2026-02-27T02:00,0.0,0.0,0.0,26.5,98
2026-02-27T03:00,0.0,0.0,0.0,26.4,99
2026-02-27T04:00,0.0,0.0,0.0,26.3,98
2026-02-27T05:00,0.0,0.0,0.0,26.1,70
2026-02-27T06:00,0.0,0.0,0.0,25.9,93
2026-02-27T07:00,6.0,14.5,5.0,26.2,93
2026-02-27T08:00,120.0,256.5,66.0,27.8,100
2026-02-27T09:00,320.0,425.2,132.0,30.1,98
2026-02-27T10:00,536.0,587.9,159.0,32.1,29
2026-02-27T11:00,674.0,658.4,151.0,33.5,10
2026-02-27T12:00,823.0,747.5,157.0,34.6,9
2026-02-27T13:00,843.0,735.5,163.0,34.7,21
2026-02-27T14:00,783.0,679.9,176.0,34.7,30
2026-02-27T15:00,629.0,576.6,169.0,33.6,36
2026-02-27T16:00,512.0,572.7,142.0,32.9,31
2026-02-27T17:00,323.0,491.1,103.0,31.2,44
2026-02-27T18:00,118.0,276.4,58.0,30.2,59
2026-02-27T19:00,6.0,13.8,5.0,29.9,16
2026-02-27T20:00,0.0,0.0,0.0,29.2,5
2026-02-27T21:00,0.0,0.0,0.0,28.8,39
2026-02-27T22:00,0.0,0.0,0.0,28.4,15
2026-02-27T23:00,0.0,0.0,0.0,28.2,94
2026-02-28T00:00,0.0,0.0,0.0,28.1,95
2026-02-28T01:00,0.0,0.0,0.0,27.5,98
2026-02-28T02:00,0.0,0.0,0.0,27.9,92
2026-02-28T03:00,0.0,0.0,0.0,27.6,100
2026-02-28T04:00,0.0,0.0,0.0,27.4,100
2026-02-28T05:00,0.0,0.0,0.0,27.3,95
2026-02-28T06:00,0.0,0.0,0.0,26.5,76
2026-02-28T07:00,6.0,14.2,5.0,25.9,95
2026-02-28T08:00,116.0,201.9,73.0,27.7,99
2026-02-28T09:00,321.0,429.4,130.0,29.6,95
2026-02-28T10:00,516.0,576.1,145.0,31.0,18
2026-02-28T11:00,698.0,663.7,169.0,32.2,21
2026-02-28T12:00,801.0,684.9,189.0,33.0,39
2026-02-28T13:00,795.0,580.4,257.0,33.3,16
2026-02-28T14:00,787.0,674.9,183.0,34.0,18
2026-02-28T15:00,703.0,677.8,161.0,33.7,17
2026-02-28T16:00,527.0,602.1,137.0,33.1,26
2026-02-28T17:00,321.0,478.5,106.0,32.2,48
2026-02-28T18:00,107.0,224.6,58.0,30.6,67
2026-02-28T19:00,7.0,13.7,6.0,30.6,34
2026-02-28T20:00,0.0,0.0,0.0,29.9,84
2026-02-28T21:00,0.0,0.0,0.0,28.5,70
2026-02-28T22:00,0.0,0.0,0.0,28.9,42
2026-02-28T23:00,0.0,0.0,0.0,28.8,22
2026-03-01T00:00,0.0,0.0,0.0,28.6,16
2026-03-01T01:00,0.0,0.0,0.0,28.1,28
2026-03-01T02:00,0.0,0.0,0.0,28.0,4
2026-03-01T03:00,0.0,0.0,0.0,27.1,19
2026-03-01T04:00,0.0,0.0,0.0,26.0,32
2026-03-01T05:00,0.0,0.0,0.0,25.9,11
2026-03-01T06:00,0.0,0.0,0.0,25.8,0
2026-03-01T07:00,6.0,14.0,5.0,26.7,0
2026-03-01T08:00,130.0,334.1,58.0,28.1,0
2026-03-01T09:00,350.0,556.6,101.0,29.9,0
2026-03-01T10:00,567.0,683.5,125.0,31.8,2
2026-03-01T11:00,725.0,730.3,141.0,33.2,12
2026-03-01T12:00,820.0,742.1,155.0,34.2,5
2026-03-01T13:00,864.0,760.7,157.0,34.9,79
2026-03-01T14:00,821.0,741.3,156.0,35.5,67
2026-03-01T15:00,733.0,743.5,137.0,35.5,70
2026-03-01T16:00,478.0,543.7,125.0,34.3,88
2026-03-01T17:00,344.0,532.6,104.0,33.4,81
2026-03-01T18:00,134.0,346.8,58.0,32.1,9
2026-03-01T19:00,7.0,27.3,5.0,32.0,49
2026-03-01T20:00,0.0,0.0,0.0,31.2,68
2026-03-01T21:00,0.0,0.0,0.0,31.0,93
2026-03-01T22:00,0.0,0.0,0.0,30.4,95
2026-03-01T23:00,0.0,0.0,0.0,29.8,98
2026-03-02T00:00,0.0,0.0,0.0,29.1,98
2026-03-02T01:00,0.0,0.0,0.0,28.6,43
2026-03-02T02:00,0.0,0.0,0.0,28.4,65
2026-03-02T03:00,0.0,0.0,0.0,28.0,99
2026-03-02T04:00,0.0,0.0,0.0,27.6,100
2026-03-02T05:00,0.0,0.0,0.0,27.0,93
2026-03-02T06:00,0.0,0.0,0.0,26.4,60
2026-03-02T07:00,7.0,27.5,5.0,26.8,6
2026-03-02T08:00,133.0,344.1,58.0,28.4,0
2026-03-02T09:00,355.0,568.9,99.0,30.7,48
2026-03-02T10:00,573.0,694.6,122.0,33.1,6
2026-03-02T11:00,752.0,767.8,136.0,34.9,76
2026-03-02T12:00,867.0,805.6,143.0,36.1,0
2026-03-02T13:00,908.0,818.9,145.0,36.1,2
2026-03-02T14:00,809.0,725.1,157.0,36.1,9
2026-03-02T15:00,698.0,669.6,160.0,35.6,7
2026-03-02T16:00,566.0,677.5,125.0,35.2,3
2026-03-02T17:00,357.0,577.5,96.0,34.3,5
2026-03-02T18:00,138.0,372.5,56.0,32.6,5
2026-03-02T19:00,8.0,27.1,6.0,31.5,7
2026-03-02T20:00,0.0,0.0,0.0,30.9,19
2026-03-02T21:00,0.0,0.0,0.0,30.4,15
2026-03-02T22:00,0.0,0.0,0.0,29.8,3
2026-03-02T23:00,0.0,0.0,0.0,29.4,12
2026-03-03T00:00,0.0,0.0,0.0,29.1,1
2026-03-03T01:00,0.0,0.0,0.0,28.9,3
2026-03-03T02:00,0.0,0.0,0.0,28.6,2
2026-03-03T03:00,0.0,0.0,0.0,28.3,2
2026-03-03T04:00,0.0,0.0,0.0,27.8,0
2026-03-03T05:00,0.0,0.0,0.0,27.1,1
2026-03-03T06:00,0.0,0.0,0.0,26.4,5
2026-03-03T07:00,7.0,27.1,5.0,26.4,0
2026-03-03T08:00,139.0,371.9,57.0,27.8,0
2026-03-03T09:00,366.0,596.6,96.0,30.0,5
2026-03-03T10:00,588.0,722.5,117.0,32.6,14
2026-03-03T11:00,768.0,790.1,132.0,34.8,13
2026-03-03T12:00,883.0,826.7,138.0,36.4,32
2026-03-03T13:00,925.0,840.4,140.0,36.4,45
2026-03-03T14:00,886.0,829.9,138.0,37.0,55
2026-03-03T15:00,774.0,801.0,129.0,37.1,17
2026-03-03T16:00,595.0,737.3,114.0,36.8,10
2026-03-03T17:00,374.0,622.3,92.0,35.8,0
2026-03-03T18:00,145.0,402.5,56.0,33.6,0
2026-03-03T19:00,8.0,26.9,6.0,32.3,0
2026-03-03T20:00,0.0,0.0,0.0,31.1,6
2026-03-03T21:00,0.0,0.0,0.0,30.6,2
2026-03-03T22:00,0.0,0.0,0.0,30.1,0
2026-03-03T23:00,0.0,0.0,0.0,29.3,0
2026-03-04T00:00,0.0,0.0,0.0,28.6,0
2026-03-04T01:00,0.0,0.0,0.0,28.2,0
2026-03-04T02:00,0.0,0.0,0.0,27.9,4
2026-03-04T03:00,0.0,0.0,0.0,27.5,5
2026-03-04T04:00,0.0,0.0,0.0,27.0,4
2026-03-04T05:00,0.0,0.0,0.0,26.3,0
2026-03-04T06:00,0.0,0.0,0.0,25.6,0
2026-03-04T07:00,8.0,26.6,6.0,25.7,0
2026-03-04T08:00,142.0,381.1,57.0,26.7,0
2026-03-04T09:00,371.0,606.3,95.0,28.8,0
2026-03-04T10:00,595.0,730.2,117.0,31.3,0
2026-03-04T11:00,775.0,797.5,131.0,33.7,0
2026-03-04T12:00,891.0,833.3,138.0,35.5,0
2026-03-04T13:00,932.0,846.9,139.0,35.7,0
2026-03-04T14:00,897.0,843.5,135.0,36.1,0
2026-03-04T15:00,782.0,811.6,127.0,35.9,0
2026-03-04T16:00,604.0,750.9,113.0,35.3,0
2026-03-04T17:00,383.0,640.4,92.0,34.3,0
2026-03-04T18:00,150.0,427.8,55.0,32.6,0
2026-03-04T19:00,8.0,40.2,5.0,31.5,0
2026-03-04T20:00,0.0,0.0,0.0,30.8,0
2026-03-04T21:00,0.0,0.0,0.0,30.6,0
2026-03-04T22:00,0.0,0.0,0.0,29.7,0
2026-03-04T23:00,0.0,0.0,0.0,29.2,0
2026-03-05T00:00,0.0,0.0,0.0,28.8,0
2026-03-05T01:00,0.0,0.0,0.0,28.8,50
2026-03-05T02:00,0.0,0.0,0.0,28.5,61
2026-03-05T03:00,0.0,0.0,0.0,27.6,59
2026-03-05T04:00,0.0,0.0,0.0,26.5,36
2026-03-05T05:00,0.0,0.0,0.0,25.8,0
2026-03-05T06:00,0.0,0.0,0.0,25.4,0
2026-03-05T07:00,8.0,26.2,6.0,25.6,0
2026-03-05T08:00,144.0,381.2,58.0,27.2,0
2026-03-05T09:00,371.0,598.4,97.0,29.5,41
2026-03-05T10:00,594.0,721.2,120.0,31.9,51
2026-03-05T11:00,771.0,786.3,134.0,33.5,63
2026-03-05T12:00,885.0,818.9,143.0,34.5,0
2026-03-05T13:00,924.0,830.0,145.0,34.3,0
2026-03-05T14:00,890.0,828.4,140.0,34.6,0
2026-03-05T15:00,779.0,803.7,129.0,34.3,0
2026-03-05T16:00,603.0,744.7,115.0,33.6,0
2026-03-05T17:00,380.0,630.1,93.0,32.5,0
2026-03-05T18:00,148.0,412.6,56.0,31.3,0
2026-03-05T19:00,8.0,39.9,5.0,30.9,3
2026-03-05T20:00,0.0,0.0,0.0,29.9,1
2026-03-05T21:00,0.0,0.0,0.0,29.5,1
2026-03-05T22:00,0.0,0.0,0.0,29.2,0
2026-03-05T23:00,0.0,0.0,0.0,29.0,1
2026-03-06T00:00,0.0,0.0,0.0,28.4,0
2026-03-06T01:00,0.0,0.0,0.0,28.2,0
2026-03-06T02:00,0.0,0.0,0.0,27.6,1
2026-03-06T03:00,0.0,0.0,0.0,26.9,20
2026-03-06T04:00,0.0,0.0,0.0,26.2,25
2026-03-06T05:00,0.0,0.0,0.0,25.7,33
2026-03-06T06:00,0.0,0.0,0.0,25.4,46
2026-03-06T07:00,6.0,12.9,5.0,25.8,22
2026-03-06T08:00,122.0,271.6,60.0,27.0,20
2026-03-06T09:00,334.0,473.3,116.0,29.4,13
2026-03-06T10:00,529.0,575.8,149.0,31.0,15
2026-03-06T11:00,690.0,642.2,168.0,32.5,10
2026-03-06T12:00,825.0,714.3,176.0,33.7,16
2026-03-06T13:00,817.0,661.1,195.0,33.3,74
2026-03-06T14:00,817.0,715.3,168.0,32.7,34
2026-03-06T15:00,664.0,615.7,165.0,32.6,9
2026-03-06T16:00,510.0,548.2,150.0,32.3,10
2026-03-06T17:00,339.0,516.9,103.0,31.5,7
2026-03-06T18:00,130.0,317.3,59.0,30.2,2
2026-03-06T19:00,7.0,26.5,5.0,31.0,5
2026-03-06T20:00,0.0,0.0,0.0,30.7,0
2026-03-06T21:00,0.0,0.0,0.0,27.1,8
2026-03-06T22:00,0.0,0.0,0.0,27.2,9
2026-03-06T23:00,0.0,0.0,0.0,27.5,10
2026-03-07T00:00,0.0,0.0,0.0,27.4,30
2026-03-07T01:00,0.0,0.0,0.0,27.9,17
2026-03-07T02:00,0.0,0.0,0.0,27.6,6
2026-03-07T03:00,0.0,0.0,0.0,27.3,8
2026-03-07T04:00,0.0,0.0,0.0,26.9,8
2026-03-07T05:00,0.0,0.0,0.0,26.4,7
2026-03-07T06:00,0.0,0.0,0.0,26.0,8
2026-03-07T07:00,9.0,25.3,7.0,26.3,11
2026-03-07T08:00,135.0,311.8,63.0,27.9,6
2026-03-07T09:00,346.0,505.0,112.0,30.3,3
2026-03-07T10:00,559.0,630.7,141.0,32.2,3
2026-03-07T11:00,730.0,706.4,154.0,33.6,16
2026-03-07T12:00,717.0,564.2,203.0,34.2,34
2026-03-07T13:00,815.0,660.6,192.0,34.2,45
2026-03-07T14:00,744.0,584.0,213.0,34.9,34
2026-03-07T15:00,685.0,640.3,165.0,34.7,30
2026-03-07T16:00,505.0,542.5,148.0,34.4,19
2026-03-07T17:00,311.0,430.5,114.0,33.8,9
2026-03-07T18:00,126.0,293.9,60.0,32.8,14
2026-03-07T19:00,7.0,26.4,5.0,32.5,23
2026-03-07T20:00,0.0,0.0,0.0,30.8,5
2026-03-07T21:00,0.0,0.0,0.0,29.8,2
2026-03-07T22:00,0.0,0.0,0.0,29.2,2
2026-03-07T23:00,0.0,0.0,0.0,28.8,24
2026-03-08T00:00,0.0,0.0,0.0,28.4,72
2026-03-08T01:00,0.0,0.0,0.0,28.5,4
2026-03-08T02:00,0.0,0.0,0.0,28.2,0
2026-03-08T03:00,0.0,0.0,0.0,27.8,0
2026-03-08T04:00,0.0,0.0,0.0,27.6,0
2026-03-08T05:00,0.0,0.0,0.0,27.1,78
2026-03-08T06:00,0.0,0.0,0.0,25.5,22
2026-03-08T07:00,9.0,24.9,7.0,26.4,9
2026-03-08T08:00,139.0,329.5,62.0,28.0,7
2026-03-08T09:00,357.0,534.2,108.0,29.9,2
2026-03-08T10:00,578.0,671.7,131.0,31.8,9
2026-03-08T11:00,708.0,656.5,171.0,33.0,25
2026-03-08T12:00,724.0,581.3,193.0,33.8,28
2026-03-08T13:00,761.0,600.9,193.0,34.2,20
2026-03-08T14:00,701.0,560.8,190.0,34.1,40
2026-03-08T15:00,473.0,339.2,197.0,30.9,45
2026-03-08T16:00,471.0,465.6,164.0,31.5,19
2026-03-08T17:00,325.0,473.1,108.0,31.7,16
2026-03-08T18:00,131.0,324.0,58.0,30.8,15
2026-03-08T19:00,8.0,26.2,6.0,30.0,18
2026-03-08T20:00,0.0,0.0,0.0,29.6,2
2026-03-08T21:00,0.0,0.0,0.0,29.2,1
2026-03-08T22:00,0.0,0.0,0.0,29.2,2
2026-03-08T23:00,0.0,0.0,0.0,28.7,0
2026-03-09T00:00,0.0,0.0,0.0,28.2,1
2026-03-09T01:00,0.0,0.0,0.0,26.6,30
2026-03-09T02:00,0.0,0.0,0.0,26.7,71
2026-03-09T03:00,0.0,0.0,0.0,26.6,25
2026-03-09T04:00,0.0,0.0,0.0,26.5,5
2026-03-09T05:00,0.0,0.0,0.0,26.2,13
2026-03-09T06:00,0.0,0.0,0.0,26.0,0
2026-03-09T07:00,10.0,36.7,7.0,27.3,0
2026-03-09T08:00,148.0,359.5,63.0,28.7,0
2026-03-09T09:00,373.0,577.9,102.0,30.8,22
2026-03-09T10:00,524.0,564.2,147.0,32.8,15
2026-03-09T11:00,696.0,647.1,165.0,34.1,28
2026-03-09T12:00,782.0,660.6,177.0,35.0,31
2026-03-09T13:00,756.0,593.2,194.0,35.1,2
2026-03-09T14:00,865.0,771.0,161.0,35.3,4
2026-03-09T15:00,697.0,664.9,155.0,35.0,2
2026-03-09T16:00,551.0,634.3,132.0,34.9,2
2026-03-09T17:00,359.0,563.5,100.0,34.5,3
2026-03-09T18:00,139.0,358.3,58.0,33.1,5
2026-03-09T19:00,8.0,26.1,6.0,33.9,10
2026-03-09T20:00,0.0,0.0,0.0,32.5,5
2026-03-09T21:00,0.0,0.0,0.0,31.6,10
2026-03-09T22:00,0.0,0.0,0.0,30.9,1
2026-03-09T23:00,0.0,0.0,0.0,29.3,2
2026-03-10T00:00,0.0,0.0,0.0,28.9,9
2026-03-10T01:00,0.0,0.0,0.0,28.7,0
2026-03-10T02:00,0.0,0.0,0.0,28.7,0
2026-03-10T03:00,0.0,0.0,0.0,28.6,2
2026-03-10T04:00,0.0,0.0,0.0,28.3,9
2026-03-10T05:00,0.0,0.0,0.0,27.6,4
2026-03-10T06:00,0.0,0.0,0.0,27.0,6
2026-03-10T07:00,11.0,36.0,8.0,27.3,6
2026-03-10T08:00,144.0,330.2,65.0,28.0,12
2026-03-10T09:00,340.0,466.3,120.0,29.3,1
2026-03-10T10:00,586.0,678.1,131.0,31.0,1
2026-03-10T11:00,759.0,741.0,149.0,32.3,9
2026-03-10T12:00,792.0,685.0,163.0,33.4,28
2026-03-10T13:00,744.0,563.5,209.0,33.6,38
2026-03-10T14:00,706.0,521.4,229.0,33.8,37
2026-03-10T15:00,643.0,553.4,191.0,34.1,39
2026-03-10T16:00,458.0,477.5,142.0,33.6,24
2026-03-10T17:00,271.0,347.5,111.0,33.2,32
2026-03-10T18:00,123.0,282.3,59.0,32.5,28
2026-03-10T19:00,8.0,26.0,6.0,30.1,36
2026-03-10T20:00,0.0,0.0,0.0,29.6,78
2026-03-10T21:00,0.0,0.0,0.0,29.5,34
2026-03-10T22:00,0.0,0.0,0.0,29.3,17
2026-03-10T23:00,0.0,0.0,0.0,29.0,9
2026-03-11T00:00,0.0,0.0,0.0,28.4,5
2026-03-11T01:00,0.0,0.0,0.0,28.1,33
2026-03-11T02:00,0.0,0.0,0.0,28.2,27
2026-03-11T03:00,0.0,0.0,0.0,28.0,31
2026-03-11T04:00,0.0,0.0,0.0,27.1,34
2026-03-11T05:00,0.0,0.0,0.0,26.1,84
2026-03-11T06:00,0.0,0.0,0.0,25.8,60
2026-03-11T07:00,7.0,11.8,6.0,27.3,26
2026-03-11T08:00,143.0,309.8,68.0,28.6,2
2026-03-11T09:00,362.0,533.1,109.0,30.9,2
2026-03-11T10:00,582.0,668.0,132.0,33.1,30
2026-03-11T11:00,709.0,640.6,180.0,34.4,96
2026-03-11T12:00,626.0,393.2,264.0,34.0,100
2026-03-11T13:00,603.0,249.1,366.0,32.9,100
2026-03-11T14:00,254.0,0.0,254.0,32.4,95
2026-03-11T15:00,452.0,223.7,269.0,33.3,100
2026-03-11T16:00,343.0,141.8,249.0,33.5,98
2026-03-11T17:00,217.0,84.5,178.0,33.1,30
2026-03-11T18:00,138.0,338.7,61.0,31.3,42
2026-03-11T19:00,7.0,13.0,6.0,30.6,100
2026-03-11T20:00,0.0,0.0,0.0,30.6,100
2026-03-11T21:00,0.0,0.0,0.0,30.5,98
2026-03-11T22:00,0.0,0.0,0.0,30.4,98
2026-03-11T23:00,0.0,0.0,0.0,29.4,34
2026-03-12T00:00,0.0,0.0,0.0,29.0,90
2026-03-12T01:00,0.0,0.0,0.0,27.9,97
2026-03-12T02:00,0.0,0.0,0.0,28.1,96
2026-03-12T03:00,0.0,0.0,0.0,27.3,99
2026-03-12T04:00,0.0,0.0,0.0,24.1,98
2026-03-12T05:00,0.0,0.0,0.0,24.3,56
2026-03-12T06:00,0.0,0.0,0.0,24.4,30
2026-03-12T07:00,11.0,23.2,9.0,24.4,96
2026-03-12T08:00,31.0,0.0,31.0,24.8,94
2026-03-12T09:00,243.0,155.0,169.0,26.6,81
2026-03-12T10:00,294.0,87.2,235.0,27.7,58
2026-03-12T11:00,690.0,574.6,214.0,29.6,27
2026-03-12T12:00,828.0,685.9,195.0,30.1,34
2026-03-12T13:00,794.0,601.9,220.0,29.4,41
2026-03-12T14:00,620.0,389.8,262.0,29.1,22
2026-03-12T15:00,650.0,588.1,168.0,29.8,17
2026-03-12T16:00,496.0,522.6,149.0,29.6,24
2026-03-12T17:00,324.0,456.5,113.0,28.5,42
2026-03-12T18:00,110.0,232.5,57.0,27.8,14
2026-03-12T19:00,7.0,25.8,5.0,27.1,16
2026-03-12T20:00,0.0,0.0,0.0,26.9,5
2026-03-12T21:00,0.0,0.0,0.0,26.7,2
2026-03-12T22:00,0.0,0.0,0.0,26.6,6
2026-03-12T23:00,0.0,0.0,0.0,26.7,8
2026-03-13T00:00,0.0,0.0,0.0,26.1,13
2026-03-13T01:00,0.0,0.0,0.0,26.1,11
2026-03-13T02:00,0.0,0.0,0.0,25.6,2
2026-03-13T03:00,0.0,0.0,0.0,25.1,5
2026-03-13T04:00,0.0,0.0,0.0,24.7,2
2026-03-13T05:00,0.0,0.0,0.0,24.7,13
2026-03-13T06:00,0.0,0.0,0.0,24.7,16
2026-03-13T07:00,12.0,34.3,9.0,25.3,8
2026-03-13T08:00,149.0,326.8,68.0,26.3,23
2026-03-13T09:00,354.0,481.0,123.0,27.7,13
2026-03-13T10:00,559.0,596.3,154.0,29.0,2
2026-03-13T11:00,748.0,700.4,166.0,30.1,20
2026-03-13T12:00,776.0,626.9,196.0,30.8,9
2026-03-13T13:00,830.0,670.8,189.0,31.6,25
2026-03-13T14:00,794.0,653.3,193.0,31.6,87
2026-03-13T15:00,583.0,381.3,270.0,31.6,90
2026-03-13T16:00,385.0,222.6,237.0,30.8,56
2026-03-13T17:00,234.0,270.0,109.0,29.3,57
2026-03-13T18:00,103.0,192.5,59.0,26.1,43
2026-03-13T19:00,7.0,12.9,6.0,27.7,15
2026-03-13T20:00,0.0,0.0,0.0,27.0,34
2026-03-13T21:00,0.0,0.0,0.0,26.4,5
2026-03-13T22:00,0.0,0.0,0.0,25.8,6
2026-03-13T23:00,0.0,0.0,0.0,25.5,8
2026-03-14T00:00,0.0,0.0,0.0,25.3,9
2026-03-14T01:00,0.0,0.0,0.0,24.7,37
2026-03-14T02:00,0.0,0.0,0.0,24.6,100
2026-03-14T03:00,0.0,0.0,0.0,22.2,80
2026-03-14T04:00,0.0,0.0,0.0,22.0,27
2026-03-14T05:00,0.0,0.0,0.0,22.1,21
2026-03-14T06:00,0.0,0.0,0.0,21.8,9
2026-03-14T07:00,12.0,33.7,9.0,23.2,17
2026-03-14T08:00,144.0,307.1,67.0,25.2,2
2026-03-14T09:00,371.0,536.1,112.0,28.2,5
2026-03-14T10:00,587.0,657.0,139.0,30.1,5
2026-03-14T11:00,750.0,709.1,159.0,31.3,2
2026-03-14T12:00,858.0,749.4,163.0,32.3,4
2026-03-14T13:00,900.0,768.7,164.0,32.8,35
2026-03-14T14:00,821.0,700.9,175.0,33.2,20
2026-03-14T15:00,745.0,721.3,152.0,33.4,33
2026-03-14T16:00,539.0,594.6,143.0,33.2,20
2026-03-14T17:00,329.0,476.6,108.0,32.7,20
2026-03-14T18:00,127.0,292.4,60.0,31.3,14
2026-03-14T19:00,8.0,25.7,6.0,29.1,23
2026-03-14T20:00,0.0,0.0,0.0,28.5,19
2026-03-14T21:00,0.0,0.0,0.0,28.0,7
2026-03-14T22:00,0.0,0.0,0.0,27.9,5
2026-03-14T23:00,0.0,0.0,0.0,27.9,8
2026-03-15T00:00,0.0,0.0,0.0,27.6,23
2026-03-15T01:00,0.0,0.0,0.0,27.0,32
2026-03-15T02:00,0.0,0.0,0.0,26.9,30
2026-03-15T03:00,0.0,0.0,0.0,26.8,27
2026-03-15T04:00,0.0,0.0,0.0,26.7,27
2026-03-15T05:00,0.0,0.0,0.0,26.5,34
2026-03-15T06:00,0.0,0.0,0.0,26.0,12
2026-03-15T07:00,13.0,33.2,10.0,26.0,1
2026-03-15T08:00,154.0,339.1,68.0,27.5,2
2026-03-15T09:00,376.0,545.3,111.0,29.4,5
2026-03-15T10:00,580.0,632.5,147.0,30.5,17
2026-03-15T11:00,668.0,575.4,187.0,31.3,20
2026-03-15T12:00,840.0,711.0,179.0,32.5,15
2026-03-15T13:00,829.0,654.6,201.0,33.2,33
2026-03-15T14:00,761.0,619.6,189.0,33.5,23
2026-03-15T15:00,689.0,612.1,185.0,33.7,37
2026-03-15T16:00,537.0,583.3,148.0,33.5,20
2026-03-15T17:00,338.0,482.3,114.0,33.0,16
2026-03-15T18:00,133.0,309.2,62.0,31.7,20
2026-03-15T19:00,8.0,25.6,6.0,30.2,28
2026-03-15T20:00,0.0,0.0,0.0,28.8,19
2026-03-15T21:00,0.0,0.0,0.0,28.8,4
2026-03-15T22:00,0.0,0.0,0.0,28.3,18
2026-03-15T23:00,0.0,0.0,0.0,27.8,6
2026-03-16T00:00,0.0,0.0,0.0,27.4,16
2026-03-16T01:00,0.0,0.0,0.0,26.9,91
2026-03-16T02:00,0.0,0.0,0.0,27.1,100
2026-03-16T03:00,0.0,0.0,0.0,26.4,93
2026-03-16T04:00,0.0,0.0,0.0,26.3,93
2026-03-16T05:00,0.0,0.0,0.0,25.8,98
2026-03-16T06:00,0.0,0.0,0.0,25.6,89
2026-03-16T07:00,12.0,21.8,10.0,24.2,86
2026-03-16T08:00,95.0,132.6,61.0,25.8,61
2026-03-16T09:00,356.0,468.5,127.0,28.5,38
2026-03-16T10:00,569.0,611.2,149.0,30.1,59
2026-03-16T11:00,710.0,641.8,172.0,31.5,80
2026-03-16T12:00,775.0,632.1,186.0,32.4,48
2026-03-16T13:00,762.0,601.3,184.0,32.3,52
2026-03-16T14:00,774.0,612.1,208.0,33.0,41
2026-03-16T15:00,660.0,578.4,183.0,32.9,32
2026-03-16T16:00,524.0,539.0,164.0,31.0,84
2026-03-16T17:00,278.0,344.0,118.0,29.3,45
2026-03-16T18:00,121.0,243.3,65.0,29.0,14
2026-03-16T19:00,8.0,25.5,6.0,28.1,8
2026-03-16T20:00,0.0,0.0,0.0,28.1,2
2026-03-16T21:00,0.0,0.0,0.0,27.9,2
2026-03-16T22:00,0.0,0.0,0.0,28.0,5
2026-03-16T23:00,0.0,0.0,0.0,28.0,19
2026-03-17T00:00,0.0,0.0,0.0,27.8,1
2026-03-17T01:00,0.0,0.0,0.0,27.2,20
2026-03-17T02:00,0.0,0.0,0.0,26.5,29
2026-03-17T03:00,0.0,0.0,0.0,26.3,53
2026-03-17T04:00,0.0,0.0,0.0,25.4,9
2026-03-17T05:00,0.0,0.0,0.0,24.6,25
2026-03-17T06:00,0.0,0.0,0.0,24.0,41
2026-03-17T07:00,12.0,21.4,10.0,27.0,11
2026-03-17T08:00,150.0,296.9,73.0,28.4,23
2026-03-17T09:00,349.0,453.7,126.0,29.4,17
2026-03-17T10:00,565.0,598.7,152.0,30.4,28
2026-03-17T11:00,666.0,562.6,193.0,31.0,30
2026-03-17T12:00,797.0,636.0,203.0,31.8,31
2026-03-17T13:00,804.0,585.6,240.0,31.2,38
2026-03-17T14:00,622.0,423.2,230.0,30.5,45
2026-03-17T15:00,594.0,503.8,178.0,30.6,18
2026-03-17T16:00,541.0,599.6,140.0,30.6,9
2026-03-17T17:00,331.0,478.8,108.0,29.8,32
2026-03-17T18:00,123.0,264.5,62.0,28.8,41
2026-03-17T19:00,8.0,25.4,6.0,29.5,64
2026-03-17T20:00,0.0,0.0,0.0,29.1,53
2026-03-17T21:00,0.0,0.0,0.0,28.7,69
2026-03-17T22:00,0.0,0.0,0.0,28.3,6
2026-03-17T23:00,0.0,0.0,0.0,27.9,14
2026-03-18T00:00,0.0,0.0,0.0,27.7,13
2026-03-18T01:00,0.0,0.0,0.0,27.5,9
2026-03-18T02:00,0.0,0.0,0.0,27.3,9
2026-03-18T03:00,0.0,0.0,0.0,26.9,18
2026-03-18T04:00,0.0,0.0,0.0,26.7,9
2026-03-18T05:00,0.0,0.0,0.0,26.2,9
2026-03-18T06:00,0.0,0.0,0.0,26.0,8
2026-03-18T07:00,15.0,42.2,11.0,26.9,26
2026-03-18T08:00,143.0,267.0,73.0,27.6,21
2026-03-18T09:00,338.0,426.9,127.0,29.0,20
2026-03-18T10:00,556.0,573.3,159.0,30.2,10
2026-03-18T11:00,742.0,679.7,169.0,31.3,10
2026-03-18T12:00,856.0,726.5,176.0,32.1,5
2026-03-18T13:00,868.0,712.1,181.0,32.1,18
2026-03-18T14:00,810.0,671.6,187.0,32.0,9
2026-03-18T15:00,685.0,610.7,180.0,32.1,16
2026-03-18T16:00,538.0,592.9,141.0,30.9,30
2026-03-18T17:00,288.0,392.4,105.0,29.9,52
2026-03-18T18:00,122.0,251.0,64.0,29.1,45
2026-03-18T19:00,8.0,12.7,7.0,29.2,66
2026-03-18T20:00,0.0,0.0,0.0,28.9,83
2026-03-18T21:00,0.0,0.0,0.0,28.5,4
2026-03-18T22:00,0.0,0.0,0.0,28.4,2
2026-03-18T23:00,0.0,0.0,0.0,28.2,5
2026-03-19T00:00,0.0,0.0,0.0,27.5,16
2026-03-19T01:00,0.0,0.0,0.0,27.6,13
2026-03-19T02:00,0.0,0.0,0.0,27.3,19
2026-03-19T03:00,0.0,0.0,0.0,27.4,16
2026-03-19T04:00,0.0,0.0,0.0,25.0,43
2026-03-19T05:00,0.0,0.0,0.0,24.6,2
2026-03-19T06:00,0.0,0.0,0.0,24.3,3
2026-03-19T07:00,16.0,52.0,11.0,27.3,14
2026-03-19T08:00,162.0,343.3,71.0,29.0,6
2026-03-19T09:00,376.0,529.1,113.0,30.3,5
2026-03-19T10:00,588.0,640.3,143.0,31.4,4
2026-03-19T11:00,756.0,712.1,154.0,32.1,5
2026-03-19T12:00,859.0,731.3,173.0,32.1,55
2026-03-19T13:00,876.0,710.8,189.0,32.2,7
2026-03-19T14:00,699.0,529.6,207.0,31.4,40
2026-03-19T15:00,667.0,601.5,169.0,31.9,20
2026-03-19T16:00,526.0,571.3,143.0,31.5,32
2026-03-19T17:00,314.0,432.6,112.0,30.5,38
2026-03-19T18:00,118.0,246.2,61.0,29.5,9
2026-03-19T19:00,8.0,25.3,6.0,29.4,37
2026-03-19T20:00,0.0,0.0,0.0,29.3,4
2026-03-19T21:00,0.0,0.0,0.0,28.9,9
2026-03-19T22:00,0.0,0.0,0.0,28.7,1
2026-03-19T23:00,0.0,0.0,0.0,28.4,0
2026-03-20T00:00,0.0,0.0,0.0,28.0,0
2026-03-20T01:00,0.0,0.0,0.0,27.8,20
2026-03-20T02:00,0.0,0.0,0.0,27.7,23
2026-03-20T03:00,0.0,0.0,0.0,27.5,17
2026-03-20T04:00,0.0,0.0,0.0,27.4,100
2026-03-20T05:00,0.0,0.0,0.0,27.6,98
2026-03-20T06:00,0.0,0.0,0.0,27.7,100
2026-03-20T07:00,10.0,0.0,10.0,28.1,64
2026-03-20T08:00,133.0,197.9,80.0,29.7,48
2026-03-20T09:00,317.0,366.2,134.0,30.6,34
2026-03-20T10:00,488.0,424.4,192.0,31.1,20
2026-03-20T11:00,741.0,672.5,171.0,32.0,14
2026-03-20T12:00,831.0,685.1,187.0,32.2,24
2026-03-20T13:00,865.0,701.3,186.0,31.0,73
2026-03-20T14:00,635.0,395.6,267.0,31.8,37
2026-03-20T15:00,652.0,571.8,178.0,31.0,47
2026-03-20T16:00,532.0,551.3,162.0,31.2,91
2026-03-20T17:00,336.0,442.8,129.0,30.5,100
2026-03-20T18:00,105.0,90.5,84.0,29.7,99
2026-03-20T19:00,7.0,0.0,7.0,29.5,100
2026-03-20T20:00,0.0,0.0,0.0,29.2,98
2026-03-20T21:00,0.0,0.0,0.0,28.9,95
2026-03-20T22:00,0.0,0.0,0.0,28.7,86
2026-03-20T23:00,0.0,0.0,0.0,28.4,6
2026-03-21T00:00,0.0,0.0,0.0,28.1,2
2026-03-21T01:00,0.0,0.0,0.0,27.7,49
2026-03-21T02:00,0.0,0.0,0.0,27.7,88
2026-03-21T03:00,0.0,0.0,0.0,27.5,16
2026-03-21T04:00,0.0,0.0,0.0,27.4,13
2026-03-21T05:00,0.0,0.0,0.0,27.2,13
2026-03-21T06:00,0.0,0.0,0.0,27.1,10
2026-03-21T07:00,17.0,50.5,12.0,27.7,24
2026-03-21T08:00,153.0,291.9,74.0,28.8,18
2026-03-21T09:00,367.0,481.7,125.0,30.2,23
2026-03-21T10:00,567.0,592.9,152.0,31.4,24
2026-03-21T11:00,708.0,626.0,176.0,32.1,21
2026-03-21T12:00,846.0,712.4,175.0,32.6,24
2026-03-21T13:00,891.0,740.4,173.0,32.8,16
2026-03-21T14:00,859.0,745.0,165.0,33.0,27
2026-03-21T15:00,699.0,643.4,165.0,32.5,9
2026-03-21T16:00,553.0,616.2,139.0,31.8,5
2026-03-21T17:00,354.0,527.7,107.0,31.0,6
2026-03-21T18:00,134.0,314.1,61.0,29.8,9
2026-03-21T19:00,8.0,25.2,6.0,29.7,5
2026-03-21T20:00,0.0,0.0,0.0,29.3,3
2026-03-21T21:00,0.0,0.0,0.0,29.0,5
2026-03-21T22:00,0.0,0.0,0.0,28.8,7
2026-03-21T23:00,0.0,0.0,0.0,28.6,0
2026-03-22T00:00,0.0,0.0,0.0,28.3,0
2026-03-22T01:00,0.0,0.0,0.0,28.5,55
2026-03-22T02:00,0.0,0.0,0.0,26.5,92
2026-03-22T03:00,0.0,0.0,0.0,26.7,3
2026-03-22T04:00,0.0,0.0,0.0,26.5,9
2026-03-22T05:00,0.0,0.0,0.0,27.0,6
2026-03-22T06:00,0.0,0.0,0.0,27.0,15
2026-03-22T07:00,17.0,49.8,12.0,28.2,8
2026-03-22T08:00,169.0,351.1,73.0,29.7,34
2026-03-22T09:00,327.0,407.9,121.0,30.4,33
2026-03-22T10:00,525.0,514.0,164.0,31.2,30
2026-03-22T11:00,712.0,604.5,197.0,32.0,26
2026-03-22T12:00,842.0,687.7,193.0,32.7,23
2026-03-22T13:00,855.0,685.7,189.0,32.7,4
2026-03-22T14:00,860.0,748.3,162.0,33.5,1
2026-03-22T15:00,759.0,738.9,145.0,33.4,2
2026-03-22T16:00,578.0,666.1,130.0,32.4,3
2026-03-22T17:00,356.0,544.2,101.0,31.1,7
2026-03-22T18:00,139.0,335.0,61.0,29.7,3
2026-03-22T19:00,9.0,25.1,7.0,30.1,28
2026-03-22T20:00,0.0,0.0,0.0,29.8,46
2026-03-22T21:00,0.0,0.0,0.0,29.6,40
2026-03-22T22:00,0.0,0.0,0.0,29.0,52
2026-03-22T23:00,0.0,0.0,0.0,28.6,36
2026-03-23T00:00,0.0,0.0,0.0,28.6,22
2026-03-23T01:00,0.0,0.0,0.0,27.8,6
2026-03-23T02:00,0.0,0.0,0.0,28.2,9
2026-03-23T03:00,0.0,0.0,0.0,28.1,10
2026-03-23T04:00,0.0,0.0,0.0,27.8,20
2026-03-23T05:00,0.0,0.0,0.0,27.9,15
2026-03-23T06:00,0.0,0.0,0.0,27.6,31
2026-03-23T07:00,16.0,39.3,12.0,27.9,26
2026-03-23T08:00,172.0,354.9,74.0,29.9,31
2026-03-23T09:00,370.0,490.6,121.0,31.1,38
2026-03-23T10:00,520.0,488.1,176.0,30.8,45
2026-03-23T11:00,574.0,406.3,227.0,31.5,8
2026-03-23T12:00,875.0,746.7,169.0,33.1,32
2026-03-23T13:00,859.0,677.5,200.0,32.1,30
2026-03-23T14:00,719.0,539.6,215.0,32.6,16
2026-03-23T15:00,717.0,660.0,168.0,33.1,20
2026-03-23T16:00,563.0,632.7,137.0,32.5,34
2026-03-23T17:00,336.0,481.8,110.0,31.1,27
2026-03-23T18:00,135.0,308.6,63.0,30.0,15
2026-03-23T19:00,9.0,25.0,7.0,30.0,13
2026-03-23T20:00,0.0,0.0,0.0,29.5,1
2026-03-23T21:00,0.0,0.0,0.0,29.3,0
2026-03-23T22:00,0.0,0.0,0.0,29.1,1
2026-03-23T23:00,0.0,0.0,0.0,29.0,2
2026-03-24T00:00,0.0,0.0,0.0,28.8,2
2026-03-24T01:00,0.0,0.0,0.0,28.9,17
2026-03-24T02:00,0.0,0.0,0.0,28.9,16
2026-03-24T03:00,0.0,0.0,0.0,28.6,12
2026-03-24T04:00,0.0,0.0,0.0,28.5,14
2026-03-24T05:00,0.0,0.0,0.0,28.4,7
2026-03-24T06:00,0.0,0.0,0.0,28.2,15
2026-03-24T07:00,19.0,58.1,13.0,28.8,61
2026-03-24T08:00,133.0,215.2,73.0,29.7,34
2026-03-24T09:00,342.0,405.8,135.0,31.3,26
2026-03-24T10:00,586.0,612.4,153.0,32.2,13
2026-03-24T11:00,747.0,679.8,165.0,33.0,16
2026-03-24T12:00,800.0,638.7,195.0,33.4,13
2026-03-24T13:00,849.0,679.5,187.0,32.8,15
2026-03-24T14:00,820.0,685.5,179.0,33.3,21
2026-03-24T15:00,720.0,679.7,154.0,32.9,28
2026-03-24T16:00,494.0,519.4,144.0,32.3,20
2026-03-24T17:00,334.0,472.7,112.0,31.7,19
2026-03-24T18:00,137.0,316.6,63.0,30.5,20
2026-03-24T19:00,9.0,25.0,7.0,30.0,14
2026-03-24T20:00,0.0,0.0,0.0,29.6,8
2026-03-24T21:00,0.0,0.0,0.0,29.3,2
2026-03-24T22:00,0.0,0.0,0.0,29.1,0
2026-03-24T23:00,0.0,0.0,0.0,28.9,0
2026-03-25T00:00,0.0,0.0,0.0,28.7,11
2026-03-25T01:00,0.0,0.0,0.0,28.8,5
2026-03-25T02:00,0.0,0.0,0.0,28.7,15
2026-03-25T03:00,0.0,0.0,0.0,28.6,17
2026-03-25T04:00,0.0,0.0,0.0,28.6,20
2026-03-25T05:00,0.0,0.0,0.0,28.4,7
2026-03-25T06:00,0.0,0.0,0.0,28.3,9
2026-03-25T07:00,21.0,66.9,14.0,28.8,12
2026-03-25T08:00,174.0,344.5,77.0,30.2,11
2026-03-25T09:00,394.0,540.3,117.0,31.5,4
2026-03-25T10:00,610.0,666.8,137.0,32.5,10
2026-03-25T11:00,760.0,691.0,167.0,33.3,19
2026-03-25T12:00,831.0,666.0,199.0,33.8,19
2026-03-25T13:00,895.0,730.8,182.0,33.5,11
2026-03-25T14:00,850.0,729.6,167.0,33.8,9
2026-03-25T15:00,742.0,710.3,150.0,33.6,4
2026-03-25T16:00,568.0,643.4,134.0,32.9,14
2026-03-25T17:00,354.0,521.2,109.0,31.7,5
2026-03-25T18:00,137.0,329.0,60.0,30.7,9
2026-03-25T19:00,9.0,24.9,7.0,30.4,7
2026-03-25T20:00,0.0,0.0,0.0,29.9,1
2026-03-25T21:00,0.0,0.0,0.0,29.6,2
2026-03-25T22:00,0.0,0.0,0.0,29.3,1
2026-03-25T23:00,0.0,0.0,0.0,29.1,3
2026-03-26T00:00,0.0,0.0,0.0,28.9,2
2026-03-26T01:00,0.0,0.0,0.0,28.8,19
2026-03-26T02:00,0.0,0.0,0.0,28.6,13
2026-03-26T03:00,0.0,0.0,0.0,28.3,8
2026-03-26T04:00,0.0,0.0,0.0,28.1,4
2026-03-26T05:00,0.0,0.0,0.0,27.9,5
2026-03-26T06:00,0.0,0.0,0.0,27.8,1
2026-03-26T07:00,22.0,75.4,14.0,28.6,41
2026-03-26T08:00,184.0,383.4,75.0,30.0,80
2026-03-26T09:00,404.0,553.1,119.0,31.4,92
2026-03-26T10:00,562.0,567.7,158.0,32.1,84
2026-03-26T11:00,771.0,708.0,162.0,33.0,89
2026-03-26T12:00,826.0,669.0,190.0,33.3,88
2026-03-26T13:00,921.0,774.9,164.0,33.8,67
2026-03-26T14:00,859.0,744.8,161.0,34.0,16
2026-03-26T15:00,752.0,715.6,155.0,33.9,14
2026-03-26T16:00,564.0,642.9,130.0,33.3,3
2026-03-26T17:00,365.0,565.4,99.0,32.7,7
2026-03-26T18:00,146.0,371.1,59.0,31.5,2
2026-03-26T19:00,10.0,37.3,7.0,30.6,2
2026-03-26T20:00,0.0,0.0,0.0,29.8,1
2026-03-26T21:00,0.0,0.0,0.0,29.6,0
2026-03-26T22:00,0.0,0.0,0.0,29.4,0
2026-03-26T23:00,0.0,0.0,0.0,29.2,0
2026-03-27T00:00,0.0,0.0,0.0,28.9,0
2026-03-27T01:00,0.0,0.0,0.0,28.8,38
2026-03-27T02:00,0.0,0.0,0.0,28.9,28
2026-03-27T03:00,0.0,0.0,0.0,28.6,23
2026-03-27T04:00,0.0,0.0,0.0,28.5,10
2026-03-27T05:00,0.0,0.0,0.0,28.4,4
2026-03-27T06:00,0.0,0.0,0.0,28.3,3
2026-03-27T07:00,23.0,83.7,14.0,28.8,8
2026-03-27T08:00,188.0,393.7,75.0,30.0,3
2026-03-27T09:00,417.0,589.0,112.0,31.2,4
2026-03-27T10:00,622.0,679.3,137.0,32.2,6
2026-03-27T11:00,772.0,709.9,160.0,32.8,8
2026-03-27T12:00,852.0,713.0,173.0,33.4,13
2026-03-27T13:00,869.0,714.6,170.0,33.2,9
2026-03-27T14:00,848.0,728.0,165.0,32.9,10
2026-03-27T15:00,748.0,717.4,149.0,32.7,8
2026-03-27T16:00,585.0,672.1,131.0,32.3,10
2026-03-27T17:00,362.0,543.8,106.0,31.3,10
2026-03-27T18:00,144.0,357.9,60.0,30.1,9
2026-03-27T19:00,9.0,37.3,6.0,29.9,3
2026-03-27T20:00,0.0,0.0,0.0,29.7,2
2026-03-27T21:00,0.0,0.0,0.0,29.3,5
2026-03-27T22:00,0.0,0.0,0.0,28.9,1
2026-03-27T23:00,0.0,0.0,0.0,28.6,2
2026-03-28T00:00,0.0,0.0,0.0,28.3,21
2026-03-28T01:00,0.0,0.0,0.0,28.4,32
2026-03-28T02:00,0.0,0.0,0.0,28.5,9
2026-03-28T03:00,0.0,0.0,0.0,28.2,9
2026-03-28T04:00,0.0,0.0,0.0,28.1,8
2026-03-28T05:00,0.0,0.0,0.0,28.1,12
2026-03-28T06:00,0.0,0.0,0.0,28.1,26
2026-03-28T07:00,22.0,73.5,14.0,28.7,13
2026-03-28T08:00,178.0,355.4,75.0,30.1,57
2026-03-28T09:00,389.0,495.9,131.0,31.2,52
2026-03-28T10:00,601.0,624.1,154.0,32.1,11
2026-03-28T11:00,782.0,718.7,161.0,33.2,6
2026-03-28T12:00,863.0,717.1,179.0,33.7,12
2026-03-28T13:00,906.0,743.3,178.0,33.4,9
2026-03-28T14:00,874.0,752.8,167.0,33.8,13
2026-03-28T15:00,742.0,701.3,156.0,33.1,19
2026-03-28T16:00,540.0,603.6,132.0,32.4,5
2026-03-28T17:00,370.0,573.1,100.0,31.8,1
2026-03-28T18:00,147.0,370.2,60.0,30.4,4
2026-03-28T19:00,10.0,37.2,7.0,30.2,13
2026-03-28T20:00,0.0,0.0,0.0,29.7,9
2026-03-28T21:00,0.0,0.0,0.0,29.4,5
2026-03-28T22:00,0.0,0.0,0.0,29.2,2
2026-03-28T23:00,0.0,0.0,0.0,28.9,0
2026-03-29T00:00,0.0,0.0,0.0,28.8,63
2026-03-29T01:00,0.0,0.0,0.0,28.8,62
2026-03-29T02:00,0.0,0.0,0.0,28.7,16
2026-03-29T03:00,0.0,0.0,0.0,28.4,26
2026-03-29T04:00,0.0,0.0,0.0,28.4,33
2026-03-29T05:00,0.0,0.0,0.0,28.4,26
2026-03-29T06:00,0.0,0.0,0.0,28.3,90
2026-03-29T07:00,24.0,63.5,17.0,28.7,86
2026-03-29T08:00,158.0,256.4,83.0,30.0,91
2026-03-29T09:00,362.0,432.3,136.0,31.1,94
2026-03-29T10:00,519.0,505.3,156.0,31.7,88
2026-03-29T11:00,732.0,585.5,225.0,32.6,89
2026-03-29T12:00,809.0,646.8,191.0,33.0,73
2026-03-29T13:00,851.0,657.7,206.0,32.9,69
2026-03-29T14:00,890.0,778.7,158.0,33.2,22
2026-03-29T15:00,730.0,681.6,160.0,32.6,4
2026-03-29T16:00,582.0,672.7,127.0,32.1,7
2026-03-29T17:00,369.0,568.5,101.0,31.2,14
2026-03-29T18:00,147.0,369.8,60.0,30.1,7
2026-03-29T19:00,10.0,37.1,7.0,30.5,29
2026-03-29T20:00,0.0,0.0,0.0,29.9,4
2026-03-29T21:00,0.0,0.0,0.0,29.5,3
2026-03-29T22:00,0.0,0.0,0.0,29.3,5
2026-03-29T23:00,0.0,0.0,0.0,29.0,30
2026-03-30T00:00,0.0,0.0,0.0,28.7,23
2026-03-30T01:00,0.0,0.0,0.0,28.6,1
2026-03-30T02:00,0.0,0.0,0.0,28.5,1
2026-03-30T03:00,0.0,0.0,0.0,28.3,2
2026-03-30T04:00,0.0,0.0,0.0,28.1,8
2026-03-30T05:00,0.0,0.0,0.0,27.9,9
2026-03-30T06:00,0.0,0.0,0.0,27.7,65
2026-03-30T07:00,25.0,80.6,16.0,28.4,55
2026-03-30T08:00,182.0,362.4,75.0,29.8,9
2026-03-30T09:00,410.0,559.6,116.0,31.1,12
2026-03-30T10:00,612.0,645.3,147.0,32.1,13
2026-03-30T11:00,775.0,687.9,178.0,32.7,12
2026-03-30T12:00,877.0,731.5,177.0,33.0,12
2026-03-30T13:00,921.0,764.9,170.0,32.5,14
2026-03-30T14:00,866.0,738.7,171.0,32.3,16
2026-03-30T15:00,752.0,702.7,164.0,32.3,5
2026-03-30T16:00,590.0,679.7,130.0,31.9,2
2026-03-30T17:00,372.0,576.6,100.0,31.2,1
2026-03-30T18:00,148.0,373.6,60.0,30.1,23
2026-03-30T19:00,10.0,37.1,7.0,30.0,30
2026-03-30T20:00,0.0,0.0,0.0,29.5,70
2026-03-30T21:00,0.0,0.0,0.0,29.2,86
2026-03-30T22:00,0.0,0.0,0.0,28.9,90
2026-03-30T23:00,0.0,0.0,0.0,28.6,78
2026-03-31T00:00,0.0,0.0,0.0,28.2,90
2026-03-31T01:00,0.0,0.0,0.0,28.1,89
2026-03-31T02:00,0.0,0.0,0.0,27.8,76
2026-03-31T03:00,0.0,0.0,0.0,27.5,85
2026-03-31T04:00,0.0,0.0,0.0,27.1,91
2026-03-31T05:00,0.0,0.0,0.0,26.7,98
2026-03-31T06:00,0.0,0.0,0.0,26.6,99
2026-03-31T07:00,29.0,106.1,17.0,27.4,99
2026-03-31T08:00,204.0,432.9,75.0,29.1,99
2026-03-31T09:00,436.0,623.3,107.0,30.5,100
2026-03-31T10:00,651.0,722.2,129.0,31.8,96
2026-03-31T11:00,822.0,783.1,141.0,32.8,97
2026-03-31T12:00,925.0,808.6,150.0,33.6,84
2026-03-31T13:00,937.0,793.5,157.0,33.6,5
2026-03-31T14:00,869.0,756.1,157.0,33.5,5
2026-03-31T15:00,742.0,705.8,151.0,33.5,9
2026-03-31T16:00,570.0,649.8,130.0,32.8,9
2026-03-31T17:00,368.0,570.0,99.0,31.9,13
2026-03-31T18:00,150.0,381.7,60.0,30.9,20
2026-03-31T19:00,10.0,37.0,7.0,30.4,1
2026-03-31T20:00,0.0,0.0,0.0,29.6,0
2026-03-31T21:00,0.0,0.0,0.0,29.3,95
2026-03-31T22:00,0.0,0.0,0.0,29.2,54
2026-03-31T23:00,0.0,0.0,0.0,29.0,51
2026-04-01T00:00,0.0,0.0,0.0,28.7,16
2026-04-01T01:00,0.0,0.0,0.0,28.5,8
2026-04-01T02:00,0.0,0.0,0.0,28.5,10
2026-04-01T03:00,0.0,0.0,0.0,28.4,52
2026-04-01T04:00,0.0,0.0,0.0,28.3,93
2026-04-01T05:00,0.0,0.0,0.0,28.0,99
2026-04-01T06:00,0.0,0.0,0.0,28.0,100
2026-04-01T07:00,29.0,96.1,18.0,28.7,100
2026-04-01T08:00,185.0,345.9,81.0,30.3,100
2026-04-01T09:00,389.0,486.6,131.0,31.7,99
2026-04-01T10:00,574.0,591.8,145.0,32.6,82
2026-04-01T11:00,787.0,708.0,170.0,33.4,48
2026-04-01T12:00,807.0,608.5,223.0,33.4,70
2026-04-01T13:00,779.0,554.9,233.0,33.9,29
2026-04-01T14:00,678.0,490.2,216.0,34.0,42
2026-04-01T15:00,705.0,620.7,185.0,33.9,33
2026-04-01T16:00,551.0,577.2,160.0,33.1,51
2026-04-01T17:00,353.0,523.1,106.0,32.5,21
2026-04-01T18:00,143.0,355.9,59.0,31.3,7
2026-04-01T19:00,10.0,37.0,7.0,30.5,5
2026-04-01T20:00,0.0,0.0,0.0,29.9,5
2026-04-01T21:00,0.0,0.0,0.0,29.7,9
2026-04-01T22:00,0.0,0.0,0.0,29.4,10
2026-04-01T23:00,0.0,0.0,0.0,29.1,9
2026-04-02T00:00,0.0,0.0,0.0,28.8,7
2026-04-02T01:00,0.0,0.0,0.0,28.8,33
2026-04-02T02:00,0.0,0.0,0.0,28.8,46
2026-04-02T03:00,0.0,0.0,0.0,28.7,16
2026-04-02T04:00,0.0,0.0,0.0,28.4,3
2026-04-02T05:00,0.0,0.0,0.0,28.2,4
2026-04-02T06:00,0.0,0.0,0.0,28.2,3
2026-04-02T07:00,30.0,103.5,18.0,28.8,23
2026-04-02T08:00,188.0,352.7,81.0,30.2,15
2026-04-02T09:00,393.0,480.6,137.0,31.5,14
2026-04-02T10:00,619.0,636.9,156.0,32.7,22
2026-04-02T11:00,756.0,651.7,187.0,33.4,21
2026-04-02T12:00,840.0,664.8,201.0,33.7,16
2026-04-02T13:00,890.0,719.8,181.0,33.5,14
2026-04-02T14:00,827.0,691.3,175.0,33.3,15
2026-04-02T15:00,726.0,683.5,153.0,33.2,74
2026-04-02T16:00,564.0,649.2,124.0,32.7,97
2026-04-02T17:00,361.0,556.8,98.0,31.7,97
2026-04-02T18:00,149.0,381.0,59.0,30.5,62
2026-04-02T19:00,10.0,36.9,7.0,30.4,84
2026-04-02T20:00,0.0,0.0,0.0,29.9,38
2026-04-02T21:00,0.0,0.0,0.0,29.5,8
2026-04-02T22:00,0.0,0.0,0.0,29.3,13
2026-04-02T23:00,0.0,0.0,0.0,29.0,71
2026-04-03T00:00,0.0,0.0,0.0,28.7,62
2026-04-03T01:00,0.0,0.0,0.0,28.5,77
2026-04-03T02:00,0.0,0.0,0.0,28.5,5
2026-04-03T03:00,0.0,0.0,0.0,28.3,5
2026-04-03T04:00,0.0,0.0,0.0,28.2,23
2026-04-03T05:00,0.0,0.0,0.0,28.2,21
2026-04-03T06:00,0.0,0.0,0.0,28.1,61
2026-04-03T07:00,31.0,110.9,18.0,28.9,91
2026-04-03T08:00,179.0,310.5,84.0,30.3,72
2026-04-03T09:00,432.0,594.4,114.0,31.7,63
2026-04-03T10:00,632.0,679.0,137.0,32.6,47
2026-04-03T11:00,769.0,688.1,167.0,33.4,50
2026-04-03T12:00,849.0,672.2,202.0,33.8,49
2026-04-03T13:00,893.0,741.4,162.0,32.9,63
2026-04-03T14:00,718.0,511.8,235.0,32.8,22
2026-04-03T15:00,684.0,608.1,174.0,32.9,8
2026-04-03T16:00,570.0,653.4,127.0,32.4,12
2026-04-03T17:00,365.0,554.5,103.0,31.5,8
2026-04-03T18:00,141.0,338.4,61.0,30.1,13
2026-04-03T19:00,10.0,36.9,7.0,30.5,6
2026-04-03T20:00,0.0,0.0,0.0,30.0,17
2026-04-03T21:00,0.0,0.0,0.0,29.9,23
2026-04-03T22:00,0.0,0.0,0.0,29.6,17
2026-04-03T23:00,0.0,0.0,0.0,29.4,5
2026-04-04T00:00,0.0,0.0,0.0,29.2,0
2026-04-04T01:00,0.0,0.0,0.0,29.1,0
2026-04-04T02:00,0.0,0.0,0.0,29.0,95
2026-04-04T03:00,0.0,0.0,0.0,29.0,68
2026-04-04T04:00,0.0,0.0,0.0,28.9,100
2026-04-04T05:00,0.0,0.0,0.0,28.6,100
2026-04-04T06:00,0.0,0.0,0.0,28.5,100
2026-04-04T07:00,32.0,118.0,18.0,29.0,73
2026-04-04T08:00,210.0,434.2,76.0,30.5,84
2026-04-04T09:00,419.0,543.4,127.0,31.5,85
2026-04-04T10:00,553.0,530.7,165.0,32.2,96
2026-04-04T11:00,733.0,613.8,195.0,33.1,100
2026-04-04T12:00,892.0,743.0,176.0,34.1,100
2026-04-04T13:00,936.0,785.3,161.0,34.2,100
2026-04-04T14:00,877.0,745.5,173.0,34.5,98
2026-04-04T15:00,703.0,646.0,161.0,34.2,96
2026-04-04T16:00,530.0,564.7,147.0,33.1,99
2026-04-04T17:00,344.0,480.2,117.0,32.0,100
2026-04-04T18:00,148.0,359.2,63.0,31.1,100
2026-04-04T19:00,10.0,36.8,7.0,30.6,98
2026-04-04T20:00,0.0,0.0,0.0,30.2,99
2026-04-04T21:00,0.0,0.0,0.0,30.0,6
2026-04-04T22:00,0.0,0.0,0.0,29.7,1
2026-04-04T23:00,0.0,0.0,0.0,29.4,3
2026-04-05T00:00,0.0,0.0,0.0,29.3,6
2026-04-05T01:00,0.0,0.0,0.0,29.4,23
2026-04-05T02:00,0.0,0.0,0.0,29.3,23
2026-04-05T03:00,0.0,0.0,0.0,29.3,23
2026-04-05T04:00,0.0,0.0,0.0,29.3,16
2026-04-05T05:00,0.0,0.0,0.0,29.0,3
2026-04-05T06:00,0.0,0.0,0.0,28.3,1
2026-04-05T07:00,34.0,125.0,19.0,27.8,0
2026-04-05T08:00,219.0,469.2,73.0,29.5,0
2026-04-05T09:00,453.0,648.6,103.0,31.8,0
2026-04-05T10:00,672.0,751.7,121.0,33.7,0
2026-04-05T11:00,840.0,806.3,132.0,35.4,0
2026-04-05T12:00,942.0,833.2,138.0,36.8,0
2026-04-05T13:00,969.0,839.3,140.0,36.3,0
2026-04-05T14:00,919.0,827.6,137.0,35.9,0
2026-04-05T15:00,800.0,801.8,127.0,35.6,0
2026-04-05T16:00,618.0,745.9,112.0,35.1,2
2026-04-05T17:00,393.0,636.6,92.0,34.3,0
2026-04-05T18:00,158.0,426.5,57.0,32.6,0
2026-04-05T19:00,11.0,49.0,7.0,31.1,0
2026-04-05T20:00,0.0,0.0,0.0,30.4,0
2026-04-05T21:00,0.0,0.0,0.0,30.0,0
2026-04-05T22:00,0.0,0.0,0.0,29.6,0
2026-04-05T23:00,0.0,0.0,0.0,29.4,0
2026-04-06T00:00,0.0,0.0,0.0,29.2,0
2026-04-06T01:00,0.0,0.0,0.0,29.2,0
2026-04-06T02:00,0.0,0.0,0.0,29.1,0
2026-04-06T03:00,0.0,0.0,0.0,28.9,0
2026-04-06T04:00,0.0,0.0,0.0,28.8,20
2026-04-06T05:00,0.0,0.0,0.0,28.9,13
2026-04-06T06:00,0.0,0.0,0.0,28.4,0
2026-04-06T07:00,35.0,131.9,19.0,28.2,0
2026-04-06T08:00,220.0,465.4,74.0,30.2,0
2026-04-06T09:00,456.0,649.6,104.0,32.1,0
2026-04-06T10:00,670.0,743.0,124.0,33.9,0
2026-04-06T11:00,838.0,798.1,136.0,35.8,0
2026-04-06T12:00,942.0,830.2,140.0,37.2,0
2026-04-06T13:00,971.0,839.6,141.0,36.7,0
2026-04-06T14:00,916.0,822.9,138.0,36.9,1
2026-04-06T15:00,796.0,794.3,129.0,36.5,1
2026-04-06T16:00,615.0,739.8,113.0,35.7,20
2026-04-06T17:00,391.0,632.2,92.0,34.3,26
2026-04-06T18:00,158.0,421.9,58.0,32.5,35
2026-04-06T19:00,11.0,48.9,7.0,31.2,30
2026-04-06T20:00,0.0,0.0,0.0,30.6,0
2026-04-06T21:00,0.0,0.0,0.0,30.2,1
2026-04-06T22:00,0.0,0.0,0.0,29.8,0
2026-04-06T23:00,0.0,0.0,0.0,29.7,0
2026-04-07T00:00,0.0,0.0,0.0,29.5,0
2026-04-07T01:00,0.0,0.0,0.0,29.5,0
2026-04-07T02:00,0.0,0.0,0.0,29.4,0
2026-04-07T03:00,0.0,0.0,0.0,29.2,1
2026-04-07T04:00,0.0,0.0,0.0,28.7,0
2026-04-07T05:00,0.0,0.0,0.0,28.0,0
2026-04-07T06:00,0.0,0.0,0.0,27.6,48
2026-04-07T07:00,37.0,138.7,20.0,28.4,0
2026-04-07T08:00,221.0,458.5,76.0,29.7,0
2026-04-07T09:00,453.0,637.8,106.0,31.5,35
2026-04-07T10:00,667.0,734.4,126.0,33.6,98
2026-04-07T11:00,837.0,792.3,139.0,35.4,97
2026-04-07T12:00,941.0,827.2,141.0,36.7,97
2026-04-07T13:00,965.0,828.9,145.0,36.8,90
2026-04-07T14:00,837.0,736.9,140.0,37.0,59
2026-04-07T15:00,772.0,757.2,136.0,36.8,17
2026-04-07T16:00,568.0,646.8,129.0,35.4,40
2026-04-07T17:00,384.0,608.7,96.0,34.5,95
2026-04-07T18:00,156.0,408.9,59.0,33.4,73
2026-04-07T19:00,11.0,48.9,7.0,32.4,3
2026-04-07T20:00,0.0,0.0,0.0,32.0,2
2026-04-07T21:00,0.0,0.0,0.0,30.9,0
2026-04-07T22:00,0.0,0.0,0.0,30.1,0
2026-04-07T23:00,0.0,0.0,0.0,29.9,0
2026-04-08T00:00,0.0,0.0,0.0,29.7,0
2026-04-08T01:00,0.0,0.0,0.0,29.6,67
2026-04-08T02:00,0.0,0.0,0.0,29.3,78
2026-04-08T03:00,0.0,0.0,0.0,29.2,94
2026-04-08T04:00,0.0,0.0,0.0,29.0,87
2026-04-08T05:00,0.0,0.0,0.0,28.9,80
2026-04-08T06:00,0.0,0.0,0.0,28.6,86
2026-04-08T07:00,38.0,137.2,21.0,29.3,6
2026-04-08T08:00,223.0,461.3,76.0,31.0,1
2026-04-08T09:00,458.0,644.5,106.0,32.6,0
2026-04-08T10:00,673.0,743.4,124.0,33.9,0
2026-04-08T11:00,841.0,801.2,134.0,35.0,2
2026-04-08T12:00,925.0,803.6,147.0,35.8,11
2026-04-08T13:00,920.0,771.7,156.0,35.6,20
2026-04-08T14:00,853.0,727.0,165.0,35.8,13
2026-04-08T15:00,763.0,733.1,147.0,35.7,4
2026-04-08T16:00,586.0,692.3,116.0,35.0,3
2026-04-08T17:00,386.0,614.9,95.0,33.8,0
2026-04-08T18:00,158.0,421.1,58.0,32.1,0
2026-04-08T19:00,11.0,48.8,7.0,30.8,0
2026-04-08T20:00,0.0,0.0,0.0,30.2,0
2026-04-08T21:00,0.0,0.0,0.0,29.8,0
2026-04-08T22:00,0.0,0.0,0.0,29.5,0
2026-04-08T23:00,0.0,0.0,0.0,29.1,0
2026-04-09T00:00,0.0,0.0,0.0,28.7,0
2026-04-09T01:00,0.0,0.0,0.0,28.5,0
2026-04-09T02:00,0.0,0.0,0.0,28.4,0
2026-04-09T03:00,0.0,0.0,0.0,28.3,5
2026-04-09T04:00,0.0,0.0,0.0,28.4,13
2026-04-09T05:00,0.0,0.0,0.0,28.5,20
2026-04-09T06:00,0.0,0.0,0.0,28.5,23
2026-04-09T07:00,39.0,143.9,21.0,29.1,17
2026-04-09T08:00,210.0,401.8,81.0,30.6,13
2026-04-09T09:00,430.0,569.1,118.0,32.2,17
2026-04-09T10:00,642.0,672.8,144.0,33.8,16
2026-04-09T11:00,796.0,721.9,158.0,34.6,11
2026-04-09T12:00,920.0,793.5,151.0,34.7,9
2026-04-09T13:00,918.0,777.3,148.0,34.6,9
2026-04-09T14:00,891.0,781.6,151.0,35.2,3
2026-04-09T15:00,774.0,756.8,138.0,34.8,1
2026-04-09T16:00,619.0,746.7,112.0,33.8,0
2026-04-09T17:00,392.0,631.6,93.0,32.4,1
2026-04-09T18:00,158.0,420.7,58.0,31.2,2
2026-04-09T19:00,11.0,48.7,7.0,30.5,1
2026-04-09T20:00,0.0,0.0,0.0,30.0,0
2026-04-09T21:00,0.0,0.0,0.0,29.7,41
2026-04-09T22:00,0.0,0.0,0.0,29.5,79
2026-04-09T23:00,0.0,0.0,0.0,29.2,20
2026-04-10T00:00,0.0,0.0,0.0,29.0,32
2026-04-10T01:00,0.0,0.0,0.0,28.8,2
2026-04-10T02:00,0.0,0.0,0.0,28.9,7
2026-04-10T03:00,0.0,0.0,0.0,28.8,2
2026-04-10T04:00,0.0,0.0,0.0,28.6,73
2026-04-10T05:00,0.0,0.0,0.0,28.5,80
2026-04-10T06:00,0.0,0.0,0.0,28.4,80
2026-04-10T07:00,40.0,142.5,22.0,29.5,73
2026-04-10T08:00,225.0,457.7,77.0,31.1,91
2026-04-10T09:00,421.0,552.5,117.0,32.2,95
2026-04-10T10:00,628.0,598.5,184.0,33.2,77
2026-04-10T11:00,757.0,655.4,177.0,33.6,66
2026-04-10T12:00,719.0,507.2,227.0,32.8,55
2026-04-10T13:00,700.0,464.0,240.0,33.6,38
2026-04-10T14:00,748.0,565.9,212.0,33.0,45
2026-04-10T15:00,698.0,591.2,201.0,32.9,20
2026-04-10T16:00,569.0,636.1,137.0,32.6,23
2026-04-10T17:00,361.0,551.2,100.0,31.9,32
2026-04-10T18:00,150.0,382.5,59.0,30.7,10
2026-04-10T19:00,11.0,36.5,8.0,30.0,4
2026-04-10T20:00,0.0,0.0,0.0,29.5,2
2026-04-10T21:00,0.0,0.0,0.0,29.2,0
2026-04-10T22:00,0.0,0.0,0.0,29.0,0
2026-04-10T23:00,0.0,0.0,0.0,28.7,0
2026-04-11T00:00,0.0,0.0,0.0,28.6,0
2026-04-11T01:00,0.0,0.0,0.0,28.6,0
2026-04-11T02:00,0.0,0.0,0.0,28.4,16
2026-04-11T03:00,0.0,0.0,0.0,28.6,34
2026-04-11T04:00,0.0,0.0,0.0,28.5,6
2026-04-11T05:00,0.0,0.0,0.0,28.0,0
2026-04-11T06:00,0.0,0.0,0.0,27.3,0
2026-04-11T07:00,42.0,156.8,22.0,28.2,0
2026-04-11T08:00,229.0,466.8,77.0,29.7,5
2026-04-11T09:00,451.0,614.0,112.0,31.1,5
2026-04-11T10:00,671.0,733.2,126.0,32.5,0
2026-04-11T11:00,839.0,794.4,135.0,34.1,4
2026-04-11T12:00,933.0,812.6,144.0,35.5,1
2026-04-11T13:00,970.0,836.8,140.0,35.5,11
2026-04-11T14:00,860.0,729.3,169.0,35.0,31
2026-04-11T15:00,766.0,721.9,159.0,34.5,45
2026-04-11T16:00,571.0,659.6,123.0,33.9,32
2026-04-11T17:00,384.0,612.3,94.0,33.5,12
2026-04-11T18:00,158.0,419.8,58.0,32.0,1
2026-04-11T19:00,11.0,48.5,7.0,30.7,0
2026-04-11T20:00,0.0,0.0,0.0,30.3,0
2026-04-11T21:00,0.0,0.0,0.0,30.0,0
2026-04-11T22:00,0.0,0.0,0.0,29.8,0
2026-04-11T23:00,0.0,0.0,0.0,29.5,0
2026-04-12T00:00,0.0,0.0,0.0,29.3,3
2026-04-12T01:00,0.0,0.0,0.0,29.3,2
2026-04-12T02:00,0.0,0.0,0.0,29.2,0
2026-04-12T03:00,0.0,0.0,0.0,29.2,0
2026-04-12T04:00,0.0,0.0,0.0,29.0,2
2026-04-12T05:00,0.0,0.0,0.0,28.8,0
2026-04-12T06:00,0.0,0.0,0.0,28.2,0
2026-04-12T07:00,44.0,171.0,22.0,29.3,0
2026-04-12T08:00,237.0,494.2,75.0,30.9,0
2026-04-12T09:00,473.0,669.7,102.0,32.5,0
2026-04-12T10:00,687.0,761.2,120.0,33.9,0
2026-04-12T11:00,851.0,811.4,131.0,34.9,0
2026-04-12T12:00,948.0,831.5,140.0,35.3,15
2026-04-12T13:00,963.0,816.2,153.0,34.6,20
2026-04-12T14:00,880.0,750.2,169.0,34.5,20
2026-04-12T15:00,769.0,743.2,144.0,34.6,11
2026-04-12T16:00,601.0,705.1,122.0,34.2,3
2026-04-12T17:00,395.0,641.6,91.0,33.1,2
2026-04-12T18:00,160.0,431.9,57.0,31.3,0
2026-04-12T19:00,12.0,48.4,8.0,30.8,0
2026-04-12T20:00,0.0,0.0,0.0,30.6,0
2026-04-12T21:00,0.0,0.0,0.0,30.4,0
2026-04-12T22:00,0.0,0.0,0.0,30.1,0
2026-04-12T23:00,0.0,0.0,0.0,29.8,0
2026-04-13T00:00,0.0,0.0,0.0,29.6,0
2026-04-13T01:00,0.0,0.0,0.0,29.7,1
2026-04-13T02:00,0.0,0.0,0.0,29.7,33
2026-04-13T03:00,0.0,0.0,0.0,29.7,17
2026-04-13T04:00,0.0,0.0,0.0,29.5,27
2026-04-13T05:00,0.0,0.0,0.0,29.0,16
2026-04-13T06:00,0.0,0.0,0.0,28.2,4
2026-04-13T07:00,44.0,161.8,23.0,28.8,4
2026-04-13T08:00,230.0,451.6,81.0,30.5,8
2026-04-13T09:00,453.0,600.9,119.0,32.2,7
2026-04-13T10:00,668.0,720.9,130.0,34.1,6
2026-04-13T11:00,817.0,760.9,141.0,35.3,2
2026-04-13T12:00,946.0,830.8,138.0,36.0,0
2026-04-13T13:00,981.0,852.1,135.0,35.5,0
2026-04-13T14:00,922.0,824.9,140.0,35.9,2
2026-04-13T15:00,810.0,814.4,125.0,35.8,2
2026-04-13T16:00,622.0,753.6,110.0,34.8,1
2026-04-13T17:00,396.0,643.5,91.0,33.6,2
2026-04-13T18:00,162.0,439.8,57.0,31.6,2
2026-04-13T19:00,12.0,48.3,8.0,31.1,0
2026-04-13T20:00,0.0,0.0,0.0,30.6,1
2026-04-13T21:00,0.0,0.0,0.0,30.3,2
2026-04-13T22:00,0.0,0.0,0.0,30.1,2
2026-04-13T23:00,0.0,0.0,0.0,29.9,36
2026-04-14T00:00,0.0,0.0,0.0,29.8,29
2026-04-14T01:00,0.0,0.0,0.0,29.4,20
2026-04-14T02:00,0.0,0.0,0.0,29.6,20
2026-04-14T03:00,0.0,0.0,0.0,29.5,32
2026-04-14T04:00,0.0,0.0,0.0,29.4,28
2026-04-14T05:00,0.0,0.0,0.0,28.9,58
2026-04-14T06:00,0.0,0.0,0.0,28.3,55
2026-04-14T07:00,36.0,114.6,21.0,28.4,21
2026-04-14T08:00,211.0,388.5,82.0,30.4,3
2026-04-14T09:00,447.0,591.8,117.0,32.3,11
2026-04-14T10:00,663.0,710.2,132.0,34.0,5
2026-04-14T11:00,842.0,788.1,141.0,35.7,3
2026-04-14T12:00,938.0,817.9,142.0,37.0,4
2026-04-14T13:00,938.0,789.3,154.0,36.5,23
2026-04-14T14:00,851.0,736.1,153.0,35.3,24
2026-04-14T15:00,763.0,715.7,161.0,35.0,10
2026-04-14T16:00,582.0,666.7,129.0,34.4,5
2026-04-14T17:00,383.0,605.4,96.0,33.3,4
2026-04-14T18:00,155.0,405.8,58.0,31.7,2
2026-04-14T19:00,12.0,48.3,8.0,31.2,2
2026-04-14T20:00,0.0,0.0,0.0,30.6,2
2026-04-14T21:00,0.0,0.0,0.0,30.3,0
2026-04-14T22:00,0.0,0.0,0.0,30.0,0
2026-04-14T23:00,0.0,0.0,0.0,29.7,0
2026-04-15T00:00,0.0,0.0,0.0,29.5,0
2026-04-15T01:00,0.0,0.0,0.0,29.4,0
2026-04-15T02:00,0.0,0.0,0.0,29.3,0
2026-04-15T03:00,0.0,0.0,0.0,29.3,2
2026-04-15T04:00,0.0,0.0,0.0,29.1,17
2026-04-15T05:00,0.0,0.0,0.0,28.7,15
2026-04-15T06:00,0.0,0.0,0.0,27.9,0
2026-04-15T07:00,46.0,166.7,24.0,28.7,3
2026-04-15T08:00,235.0,457.9,82.0,30.6,3
2026-04-15T09:00,468.0,638.3,111.0,32.5,9
2026-04-15T10:00,670.0,716.9,133.0,34.2,9
2026-04-15T11:00,825.0,765.9,143.0,35.1,18
2026-04-15T12:00,902.0,766.0,156.0,35.2,3
2026-04-15T13:00,924.0,774.9,154.0,35.1,10
2026-04-15T14:00,873.0,765.5,147.0,35.4,2
2026-04-15T15:00,784.0,775.0,132.0,35.1,7
2026-04-15T16:00,600.0,700.5,124.0,34.5,9
2026-04-15T17:00,378.0,596.8,95.0,33.3,11
2026-04-15T18:00,154.0,401.1,58.0,31.7,6
2026-04-15T19:00,11.0,48.2,7.0,31.0,1
2026-04-15T20:00,0.0,0.0,0.0,30.6,7
2026-04-15T21:00,0.0,0.0,0.0,30.4,2
2026-04-15T22:00,0.0,0.0,0.0,30.1,1
2026-04-15T23:00,0.0,0.0,0.0,29.8,1
2026-04-16T00:00,0.0,0.0,0.0,29.7,1
2026-04-16T01:00,0.0,0.0,0.0,29.7,0
2026-04-16T02:00,0.0,0.0,0.0,29.7,18
2026-04-16T03:00,0.0,0.0,0.0,29.7,28
2026-04-16T04:00,0.0,0.0,0.0,29.5,95
2026-04-16T05:00,0.0,0.0,0.0,29.5,97
2026-04-16T06:00,0.0,0.0,0.0,29.6,99
2026-04-16T07:00,45.0,150.3,25.0,30.1,2
2026-04-16T08:00,243.0,490.8,78.0,31.4,8
2026-04-16T09:00,475.0,657.7,106.0,32.8,16
2026-04-16T10:00,687.0,754.2,121.0,33.9,29
2026-04-16T11:00,846.0,799.8,133.0,34.4,24
2026-04-16T12:00,919.0,789.1,150.0,34.4,48
2026-04-16T13:00,861.0,701.2,164.0,34.8,9
2026-04-16T14:00,889.0,774.8,154.0,34.5,20
2026-04-16T15:00,768.0,741.7,144.0,34.2,53
2026-04-16T16:00,594.0,699.0,119.0,33.9,18
2026-04-16T17:00,386.0,613.6,95.0,32.9,12
2026-04-16T18:00,161.0,425.7,59.0,31.5,1
2026-04-16T19:00,12.0,48.1,8.0,30.9,0
2026-04-16T20:00,0.0,0.0,0.0,30.4,0
2026-04-16T21:00,0.0,0.0,0.0,30.1,0
2026-04-16T22:00,0.0,0.0,0.0,29.9,1
2026-04-16T23:00,0.0,0.0,0.0,29.7,0
2026-04-17T00:00,0.0,0.0,0.0,29.5,5
2026-04-17T01:00,0.0,0.0,0.0,29.4,21
2026-04-17T02:00,0.0,0.0,0.0,29.6,8
2026-04-17T03:00,0.0,0.0,0.0,29.6,9
2026-04-17T04:00,0.0,0.0,0.0,29.5,27
2026-04-17T05:00,0.0,0.0,0.0,29.0,63
2026-04-17T06:00,0.0,0.0,0.0,28.8,63
2026-04-17T07:00,37.0,104.3,23.0,28.3,80
2026-04-17T08:00,162.0,177.4,102.0,29.6,40
2026-04-17T09:00,402.0,476.3,134.0,31.7,16
2026-04-17T10:00,647.0,674.5,140.0,33.2,16
2026-04-17T11:00,811.0,736.2,154.0,34.0,35
2026-04-17T12:00,897.0,748.6,167.0,34.1,44
2026-04-17T13:00,861.0,657.7,207.0,34.1,70
2026-04-17T14:00,832.0,670.4,196.0,33.7,70
2026-04-17T15:00,704.0,640.7,165.0,34.0,8
2026-04-17T16:00,552.0,613.7,135.0,32.8,49
2026-04-17T17:00,308.0,419.5,109.0,32.0,26
2026-04-17T18:00,141.0,329.3,62.0,31.3,21
2026-04-17T19:00,11.0,36.0,8.0,31.3,5
2026-04-17T20:00,0.0,0.0,0.0,30.8,5
2026-04-17T21:00,0.0,0.0,0.0,30.5,2
2026-04-17T22:00,0.0,0.0,0.0,30.3,0
2026-04-17T23:00,0.0,0.0,0.0,30.2,5
2026-04-18T00:00,0.0,0.0,0.0,30.0,0
2026-04-18T01:00,0.0,0.0,0.0,30.1,27
2026-04-18T02:00,0.0,0.0,0.0,30.0,25
2026-04-18T03:00,0.0,0.0,0.0,29.7,5
2026-04-18T04:00,0.0,0.0,0.0,29.5,5
2026-04-18T05:00,0.0,0.0,0.0,29.4,8
2026-04-18T06:00,0.0,0.0,0.0,29.4,13
2026-04-18T07:00,47.0,162.7,25.0,29.7,13
2026-04-18T08:00,226.0,408.6,87.0,30.9,19
2026-04-18T09:00,432.0,540.5,127.0,32.2,30
2026-04-18T10:00,563.0,472.8,207.0,33.0,34
2026-04-18T11:00,740.0,606.8,198.0,33.7,25
2026-04-18T12:00,853.0,702.1,168.0,34.7,35
2026-04-18T13:00,779.0,552.0,230.0,35.1,34
2026-04-18T14:00,792.0,569.2,252.0,35.3,61
2026-04-18T15:00,668.0,551.5,204.0,34.1,39
2026-04-18T16:00,549.0,613.7,132.0,33.9,18
2026-04-18T17:00,320.0,451.0,106.0,32.6,27
2026-04-18T18:00,135.0,304.0,62.0,31.6,38
2026-04-18T19:00,11.0,35.9,8.0,31.1,5
2026-04-18T20:00,0.0,0.0,0.0,30.7,2
2026-04-18T21:00,0.0,0.0,0.0,30.4,4
2026-04-18T22:00,0.0,0.0,0.0,30.3,2
2026-04-18T23:00,0.0,0.0,0.0,30.1,3
2026-04-19T00:00,0.0,0.0,0.0,29.9,1
2026-04-19T01:00,0.0,0.0,0.0,29.9,1
2026-04-19T02:00,0.0,0.0,0.0,29.7,38
2026-04-19T03:00,0.0,0.0,0.0,29.6,43
2026-04-19T04:00,0.0,0.0,0.0,29.5,55
2026-04-19T05:00,0.0,0.0,0.0,29.6,65
2026-04-19T06:00,0.0,0.0,0.0,29.1,60
2026-04-19T07:00,36.0,110.1,21.0,29.9,61
2026-04-19T08:00,212.0,353.7,91.0,31.1,51
2026-04-19T09:00,419.0,508.9,131.0,32.0,23
2026-04-19T10:00,634.0,644.4,148.0,32.8,23
2026-04-19T11:00,768.0,684.5,156.0,33.3,20
2026-04-19T12:00,841.0,670.0,187.0,33.4,24
2026-04-19T13:00,876.0,696.6,183.0,33.6,66
2026-04-19T14:00,780.0,626.0,186.0,34.2,82
2026-04-19T15:00,620.0,539.7,166.0,33.0,91
2026-04-19T16:00,486.0,475.4,163.0,32.8,38
2026-04-19T17:00,357.0,535.2,103.0,32.1,27
2026-04-19T18:00,139.0,328.6,60.0,30.9,11
2026-04-19T19:00,11.0,35.8,8.0,30.7,16
2026-04-19T20:00,0.0,0.0,0.0,30.4,7
2026-04-19T21:00,0.0,0.0,0.0,30.1,4
2026-04-19T22:00,0.0,0.0,0.0,30.0,5
2026-04-19T23:00,0.0,0.0,0.0,29.9,5
2026-04-20T00:00,0.0,0.0,0.0,29.8,2
2026-04-20T01:00,0.0,0.0,0.0,29.7,8
2026-04-20T02:00,0.0,0.0,0.0,29.4,28
2026-04-20T03:00,0.0,0.0,0.0,29.1,5
2026-04-20T04:00,0.0,0.0,0.0,29.0,8
2026-04-20T05:00,0.0,0.0,0.0,29.0,8
2026-04-20T06:00,0.0,0.0,0.0,29.0,17
2026-04-20T07:00,47.0,160.3,25.0,28.9,54
2026-04-20T08:00,198.0,316.8,89.0,28.7,44
2026-04-20T09:00,415.0,484.7,140.0,29.7,6
2026-04-20T10:00,660.0,672.6,152.0,31.6,5
2026-04-20T11:00,815.0,737.5,155.0,32.8,93
2026-04-20T12:00,868.0,694.2,190.0,33.0,69
2026-04-20T13:00,921.0,751.7,173.0,34.6,15
2026-04-20T14:00,848.0,712.4,172.0,33.2,80
2026-04-20T15:00,575.0,435.1,209.0,32.9,29
2026-04-20T16:00,532.0,582.8,136.0,32.4,32
2026-04-20T17:00,357.0,543.6,99.0,31.6,30
2026-04-20T18:00,150.0,378.0,59.0,30.7,77
2026-04-20T19:00,12.0,47.7,8.0,30.1,9
2026-04-20T20:00,0.0,0.0,0.0,29.4,21
2026-04-20T21:00,0.0,0.0,0.0,28.6,29
2026-04-20T22:00,0.0,0.0,0.0,29.1,4
2026-04-20T23:00,0.0,0.0,0.0,29.5,2
2026-04-21T00:00,0.0,0.0,0.0,29.4,2
2026-04-21T01:00,0.0,0.0,0.0,29.1,25
2026-04-21T02:00,0.0,0.0,0.0,28.7,5
2026-04-21T03:00,0.0,0.0,0.0,28.4,9
2026-04-21T04:00,0.0,0.0,0.0,28.1,2
2026-04-21T05:00,0.0,0.0,0.0,27.8,5
2026-04-21T06:00,0.0,0.0,0.0,27.7,5
2026-04-21T07:00,50.0,173.6,26.0,29.5,18
2026-04-21T08:00,230.0,419.2,85.0,30.7,7
2026-04-21T09:00,464.0,615.2,114.0,30.6,73
2026-04-21T10:00,427.0,359.6,155.0,29.7,50
2026-04-21T11:00,519.0,327.2,226.0,30.7,39
2026-04-21T12:00,783.0,584.4,212.0,31.8,68
2026-04-21T13:00,888.0,714.4,177.0,32.8,90
2026-04-21T14:00,753.0,621.8,163.0,32.1,95
2026-04-21T15:00,536.0,442.3,164.0,31.7,86
2026-04-21T16:00,563.0,631.4,134.0,31.9,20
2026-04-21T17:00,371.0,573.0,99.0,31.1,14
2026-04-21T18:00,153.0,381.7,61.0,30.3,7
2026-04-21T19:00,12.0,47.6,8.0,30.3,13
2026-04-21T20:00,0.0,0.0,0.0,30.1,14
2026-04-21T21:00,0.0,0.0,0.0,30.0,10
2026-04-21T22:00,0.0,0.0,0.0,29.9,2
2026-04-21T23:00,0.0,0.0,0.0,29.7,2
2026-04-22T00:00,0.0,0.0,0.0,29.5,10
2026-04-22T01:00,0.0,0.0,0.0,29.4,12
2026-04-22T02:00,0.0,0.0,0.0,29.3,24
2026-04-22T03:00,0.0,0.0,0.0,29.0,9
2026-04-22T04:00,0.0,0.0,0.0,29.0,47
2026-04-22T05:00,0.0,0.0,0.0,28.9,50
2026-04-22T06:00,0.0,0.0,0.0,28.7,100
2026-04-22T07:00,53.0,179.5,28.0,29.4,95
2026-04-22T08:00,247.0,468.8,84.0,30.5,91
2026-04-22T09:00,381.0,392.8,157.0,31.0,37
2026-04-22T10:00,583.0,550.5,166.0,32.3,13
2026-04-22T11:00,814.0,733.0,157.0,33.6,13
2026-04-22T12:00,903.0,767.3,153.0,34.1,7
2026-04-22T13:00,882.0,709.3,176.0,34.5,3
2026-04-22T14:00,877.0,771.5,145.0,34.5,2
2026-04-22T15:00,772.0,757.4,135.0,34.2,2
2026-04-22T16:00,600.0,712.4,116.0,33.6,1
2026-04-22T17:00,385.0,615.0,93.0,32.2,1
2026-04-22T18:00,159.0,414.4,59.0,30.9,1
2026-04-22T19:00,12.0,47.5,8.0,31.0,79
2026-04-22T20:00,0.0,0.0,0.0,30.5,11
2026-04-22T21:00,0.0,0.0,0.0,30.3,2
2026-04-22T22:00,0.0,0.0,0.0,30.1,0
2026-04-22T23:00,0.0,0.0,0.0,29.9,2
2026-04-23T00:00,0.0,0.0,0.0,29.8,17
2026-04-23T01:00,0.0,0.0,0.0,29.9,20
2026-04-23T02:00,0.0,0.0,0.0,29.9,19
2026-04-23T03:00,0.0,0.0,0.0,29.1,25
2026-04-23T04:00,0.0,0.0,0.0,29.1,11
2026-04-23T05:00,0.0,0.0,0.0,28.8,23
2026-04-23T06:00,0.0,0.0,0.0,28.8,34
2026-04-23T07:00,50.0,164.1,27.0,29.5,12
2026-04-23T08:00,246.0,463.6,84.0,31.0,19
2026-04-23T09:00,449.0,580.7,117.0,31.5,52
2026-04-23T10:00,467.0,350.7,201.0,30.2,27
2026-04-23T11:00,683.0,526.2,211.0,31.8,27
2026-04-23T12:00,731.0,507.3,235.0,32.3,48
2026-04-23T13:00,822.0,608.8,216.0,33.7,6
2026-04-23T14:00,864.0,749.4,153.0,33.2,27
2026-04-23T15:00,735.0,694.5,151.0,32.9,63
2026-04-23T16:00,564.0,638.9,130.0,32.1,100
2026-04-23T17:00,375.0,579.1,100.0,31.3,77
2026-04-23T18:00,152.0,372.4,62.0,30.4,97
2026-04-23T19:00,12.0,47.3,8.0,30.5,94
2026-04-23T20:00,0.0,0.0,0.0,30.3,18
2026-04-23T21:00,0.0,0.0,0.0,30.1,63
2026-04-23T22:00,0.0,0.0,0.0,30.0,66
2026-04-23T23:00,0.0,0.0,0.0,29.9,25
2026-04-24T00:00,0.0,0.0,0.0,29.9,23
2026-04-24T01:00,0.0,0.0,0.0,29.3,1
2026-04-24T02:00,0.0,0.0,0.0,29.1,1
2026-04-24T03:00,0.0,0.0,0.0,28.9,61
2026-04-24T04:00,0.0,0.0,0.0,28.8,63
2026-04-24T05:00,0.0,0.0,0.0,28.9,92
2026-04-24T06:00,0.0,0.0,0.0,28.9,98
2026-04-24T07:00,45.0,134.7,26.0,29.4,75
2026-04-24T08:00,245.0,458.5,84.0,31.0,80
2026-04-24T09:00,373.0,429.3,127.0,31.7,100
2026-04-24T10:00,618.0,590.0,170.0,31.1,100
2026-04-24T11:00,653.0,420.1,276.0,31.3,100
2026-04-24T12:00,777.0,468.3,319.0,32.5,98
2026-04-24T13:00,768.0,483.2,287.0,32.8,86
2026-04-24T14:00,773.0,614.5,190.0,33.0,92
2026-04-24T15:00,754.0,716.0,152.0,33.2,77
2026-04-24T16:00,578.0,665.5,126.0,32.5,81
2026-04-24T17:00,353.0,539.0,97.0,31.8,62
2026-04-24T18:00,158.0,400.9,61.0,30.9,16
2026-04-24T19:00,12.0,47.2,8.0,30.4,96
2026-04-24T20:00,0.0,0.0,0.0,30.2,48
2026-04-24T21:00,0.0,0.0,0.0,29.8,91
2026-04-24T22:00,0.0,0.0,0.0,29.7,97
2026-04-24T23:00,0.0,0.0,0.0,29.6,99
2026-04-25T00:00,0.0,0.0,0.0,29.3,99
2026-04-25T01:00,0.0,0.0,0.0,29.3,100
2026-04-25T02:00,0.0,0.0,0.0,28.8,100
2026-04-25T03:00,0.0,0.0,0.0,28.8,100
2026-04-25T04:00,0.0,0.0,0.0,28.7,100
2026-04-25T05:00,0.0,0.0,0.0,28.5,100
2026-04-25T06:00,0.0,0.0,0.0,28.5,100
2026-04-25T07:00,53.0,154.9,31.0,28.5,98
2026-04-25T08:00,206.0,308.9,97.0,30.3,100
2026-04-25T09:00,428.0,492.8,145.0,31.9,100
2026-04-25T10:00,617.0,590.6,168.0,33.0,100
2026-04-25T11:00,779.0,641.4,203.0,33.8,91
2026-04-25T12:00,835.0,668.5,181.0,34.1,20
2026-04-25T13:00,902.0,724.2,181.0,33.4,19
2026-04-25T14:00,790.0,645.2,178.0,33.9,18
2026-04-25T15:00,726.0,678.0,156.0,34.0,66
2026-04-25T16:00,552.0,597.8,146.0,33.1,84
2026-04-25T17:00,356.0,541.0,99.0,32.5,37
2026-04-25T18:00,148.0,354.9,62.0,31.3,45
2026-04-25T19:00,12.0,35.3,9.0,30.8,98
2026-04-25T20:00,0.0,0.0,0.0,30.0,100
2026-04-25T21:00,0.0,0.0,0.0,29.9,100
2026-04-25T22:00,0.0,0.0,0.0,29.8,100
2026-04-25T23:00,0.0,0.0,0.0,29.6,100
2026-04-26T00:00,0.0,0.0,0.0,29.3,100
2026-04-26T01:00,0.0,0.0,0.0,29.4,100
2026-04-26T02:00,0.0,0.0,0.0,29.3,100
2026-04-26T03:00,0.0,0.0,0.0,29.0,98
2026-04-26T04:00,0.0,0.0,0.0,28.7,83
2026-04-26T05:00,0.0,0.0,0.0,28.4,38
2026-04-26T06:00,0.0,0.0,0.0,27.8,27
2026-04-26T07:00,48.0,147.0,27.0,28.9,5
2026-04-26T08:00,250.0,471.2,83.0,30.9,7
2026-04-26T09:00,464.0,601.2,118.0,32.2,15
2026-04-26T10:00,634.0,638.6,148.0,33.3,23
2026-04-26T11:00,754.0,636.6,182.0,34.5,44
2026-04-26T12:00,838.0,654.1,198.0,35.5,23
2026-04-26T13:00,874.0,672.0,205.0,34.8,43
2026-04-26T14:00,770.0,544.0,254.0,33.7,71
2026-04-26T15:00,663.0,562.7,190.0,33.6,41
2026-04-26T16:00,533.0,553.7,157.0,32.7,55
2026-04-26T17:00,323.0,448.3,110.0,31.6,85
2026-04-26T18:00,138.0,300.8,65.0,30.5,53
2026-04-26T19:00,12.0,35.2,9.0,30.7,55
2026-04-26T20:00,0.0,0.0,0.0,30.7,96
2026-04-26T21:00,0.0,0.0,0.0,30.5,33
2026-04-26T22:00,0.0,0.0,0.0,30.2,13
2026-04-26T23:00,0.0,0.0,0.0,30.0,9
2026-04-27T00:00,0.0,0.0,0.0,29.7,35
2026-04-27T01:00,0.0,0.0,0.0,29.5,77
2026-04-27T02:00,0.0,0.0,0.0,29.5,62
2026-04-27T03:00,0.0,0.0,0.0,29.3,62
2026-04-27T04:00,0.0,0.0,0.0,29.1,99
2026-04-27T05:00,0.0,0.0,0.0,29.0,97
2026-04-27T06:00,0.0,0.0,0.0,29.0,98
2026-04-27T07:00,58.0,194.9,30.0,30.0,97
2026-04-27T08:00,247.0,455.1,85.0,31.4,84
2026-04-27T09:00,426.0,518.5,127.0,32.4,34
2026-04-27T10:00,631.0,632.7,149.0,33.3,21
2026-04-27T11:00,742.0,647.4,160.0,34.0,10
2026-04-27T12:00,861.0,717.3,159.0,34.9,13
2026-04-27T13:00,847.0,684.1,166.0,35.6,13
2026-04-27T14:00,842.0,717.1,162.0,35.4,11
2026-04-27T15:00,749.0,719.9,144.0,34.9,4
2026-04-27T16:00,585.0,689.2,117.0,34.0,5
2026-04-27T17:00,380.0,601.7,94.0,32.7,5
2026-04-27T18:00,158.0,403.2,60.0,31.3,11
2026-04-27T19:00,13.0,46.9,9.0,31.2,87
2026-04-27T20:00,0.0,0.0,0.0,30.8,64
2026-04-27T21:00,0.0,0.0,0.0,30.7,68
2026-04-27T22:00,0.0,0.0,0.0,30.6,59
2026-04-27T23:00,0.0,0.0,0.0,30.4,24
2026-04-28T00:00,0.0,0.0,0.0,30.1,51
2026-04-28T01:00,0.0,0.0,0.0,29.9,38
2026-04-28T02:00,0.0,0.0,0.0,29.8,89
2026-04-28T03:00,0.0,0.0,0.0,29.7,94
2026-04-28T04:00,0.0,0.0,0.0,29.6,55
2026-04-28T05:00,0.0,0.0,0.0,29.5,30
2026-04-28T06:00,0.0,0.0,0.0,29.5,100
2026-04-28T07:00,63.0,221.5,31.0,30.3,15
2026-04-28T08:00,253.0,475.6,83.0,31.7,3
2026-04-28T09:00,478.0,633.5,112.0,32.9,12
2026-04-28T10:00,668.0,696.3,137.0,34.2,23
2026-04-28T11:00,796.0,688.3,177.0,35.3,100
2026-04-28T12:00,793.0,567.0,238.0,33.2,90
2026-04-28T13:00,670.0,351.6,320.0,32.3,80
2026-04-28T14:00,663.0,505.2,184.0,34.2,37
2026-04-28T15:00,657.0,564.2,183.0,33.8,40
2026-04-28T16:00,548.0,603.9,138.0,33.6,49
2026-04-28T17:00,344.0,481.7,115.0,32.8,30
2026-04-28T18:00,136.0,312.2,60.0,31.3,14
2026-04-28T19:00,12.0,46.7,8.0,31.4,70
2026-04-28T20:00,0.0,0.0,0.0,31.3,40
2026-04-28T21:00,0.0,0.0,0.0,31.1,23
2026-04-28T22:00,0.0,0.0,0.0,30.9,4
2026-04-28T23:00,0.0,0.0,0.0,30.7,1
2026-04-29T00:00,0.0,0.0,0.0,30.5,2
2026-04-29T01:00,0.0,0.0,0.0,30.1,19
2026-04-29T02:00,0.0,0.0,0.0,29.8,32
2026-04-29T03:00,0.0,0.0,0.0,28.8,99
2026-04-29T04:00,0.0,0.0,0.0,25.7,97
2026-04-29T05:00,0.0,0.0,0.0,26.0,29
2026-04-29T06:00,0.0,0.0,0.0,26.3,16
2026-04-29T07:00,61.0,206.6,31.0,30.0,3
2026-04-29T08:00,262.0,501.7,82.0,31.8,0
2026-04-29T09:00,489.0,660.0,107.0,33.4,2
2026-04-29T10:00,671.0,702.3,135.0,34.7,11
2026-04-29T11:00,778.0,641.3,201.0,35.3,24
2026-04-29T12:00,676.0,505.7,181.0,33.3,50
2026-04-29T13:00,888.0,715.4,176.0,33.5,65
2026-04-29T14:00,842.0,700.5,178.0,34.4,20
2026-04-29T15:00,719.0,660.7,164.0,32.8,61
2026-04-29T16:00,386.0,349.1,149.0,32.5,24
2026-04-29T17:00,339.0,485.7,108.0,32.1,10
2026-04-29T18:00,155.0,389.5,60.0,31.2,5
2026-04-29T19:00,13.0,46.6,9.0,31.7,14
2026-04-29T20:00,0.0,0.0,0.0,31.3,38
2026-04-29T21:00,0.0,0.0,0.0,31.1,83
2026-04-29T22:00,0.0,0.0,0.0,30.9,1
2026-04-29T23:00,0.0,0.0,0.0,30.7,2
2026-04-30T00:00,0.0,0.0,0.0,30.5,9
2026-04-30T01:00,0.0,0.0,0.0,30.3,9
2026-04-30T02:00,0.0,0.0,0.0,30.1,17
2026-04-30T03:00,0.0,0.0,0.0,29.9,27
2026-04-30T04:00,0.0,0.0,0.0,29.8,78
2026-04-30T05:00,0.0,0.0,0.0,29.5,96
2026-04-30T06:00,0.0,0.0,0.0,29.4,99
2026-04-30T07:00,52.0,123.3,34.0,26.2,100
2026-04-30T08:00,88.0,8.3,85.0,27.7,89
2026-04-30T09:00,371.0,331.2,179.0,31.1,57
2026-04-30T10:00,568.0,523.7,168.0,32.7,50
2026-04-30T11:00,744.0,567.8,233.0,30.7,89
2026-04-30T12:00,593.0,309.5,290.0,30.5,89
2026-04-30T13:00,704.0,429.1,277.0,33.3,63
2026-04-30T14:00,838.0,678.4,195.0,33.2,41
2026-04-30T15:00,715.0,658.4,162.0,33.7,36
2026-04-30T16:00,547.0,576.0,156.0,33.0,59
2026-04-30T17:00,371.0,552.8,108.0,32.5,59
2026-04-30T18:00,148.0,302.9,74.0,30.9,38
2026-04-30T19:00,13.0,46.4,9.0,31.1,49
2026-04-30T20:00,0.0,0.0,0.0,30.5,62
2026-04-30T21:00,0.0,0.0,0.0,30.3,34
2026-04-30T22:00,0.0,0.0,0.0,30.2,10
2026-04-30T23:00,0.0,0.0,0.0,29.8,38
2026-05-01T00:00,0.0,0.0,0.0,29.5,99
2026-05-01T01:00,0.0,0.0,0.0,29.7,100
2026-05-01T02:00,0.0,0.0,0.0,28.7,94
2026-05-01T03:00,0.0,0.0,0.0,25.8,99
2026-05-01T04:00,0.0,0.0,0.0,25.9,20
2026-05-01T05:00,0.0,0.0,0.0,25.7,2
2026-05-01T06:00,0.0,0.0,0.0,25.6,0
2026-05-01T07:00,66.0,238.6,31.0,27.1,26
2026-05-01T08:00,263.0,489.8,86.0,29.0,0
2026-05-01T09:00,492.0,663.1,107.0,31.0,0
2026-05-01T10:00,694.0,747.0,123.0,32.7,6
2026-05-01T11:00,817.0,754.2,138.0,34.0,7
2026-05-01T12:00,890.0,737.5,168.0,34.9,22
2026-05-01T13:00,839.0,629.1,213.0,32.7,86
2026-05-01T14:00,736.0,513.9,249.0,35.1,34
2026-05-01T15:00,747.0,699.1,160.0,34.8,5
2026-05-01T16:00,581.0,677.7,121.0,33.7,14
2026-05-01T17:00,368.0,548.4,107.0,32.5,27
2026-05-01T18:00,146.0,335.0,64.0,31.3,100
2026-05-01T19:00,13.0,34.7,10.0,31.2,77
2026-05-01T20:00,0.0,0.0,0.0,31.2,99
2026-05-01T21:00,0.0,0.0,0.0,31.3,98
2026-05-01T22:00,0.0,0.0,0.0,29.8,32
2026-05-01T23:00,0.0,0.0,0.0,29.5,38
2026-05-02T00:00,0.0,0.0,0.0,29.2,100
2026-05-02T01:00,0.0,0.0,0.0,28.0,93
2026-05-02T02:00,0.0,0.0,0.0,28.6,97
2026-05-02T03:00,0.0,0.0,0.0,28.8,95
2026-05-02T04:00,0.0,0.0,0.0,29.0,83
2026-05-02T05:00,0.0,0.0,0.0,29.1,53
2026-05-02T06:00,0.0,0.0,0.0,29.2,100
2026-05-02T07:00,67.0,230.8,33.0,29.1,98
2026-05-02T08:00,248.0,438.5,89.0,30.9,99
2026-05-02T09:00,463.0,540.0,149.0,32.1,98
2026-05-02T10:00,613.0,534.7,204.0,33.0,98
2026-05-02T11:00,811.0,689.7,190.0,33.8,98
2026-05-02T12:00,832.0,644.6,201.0,34.1,99
2026-05-02T13:00,825.0,574.9,253.0,35.5,100
2026-05-02T14:00,801.0,649.2,186.0,34.8,47
2026-05-02T15:00,649.0,509.8,221.0,34.4,80
2026-05-02T16:00,489.0,500.9,149.0,33.9,100
2026-05-02T17:00,370.0,554.5,106.0,33.0,100
2026-05-02T18:00,132.0,277.3,64.0,31.8,100
2026-05-02T19:00,13.0,46.1,9.0,31.3,99
2026-05-02T20:00,0.0,0.0,0.0,31.0,92
2026-05-02T21:00,0.0,0.0,0.0,30.6,100
2026-05-02T22:00,0.0,0.0,0.0,30.2,88
2026-05-02T23:00,0.0,0.0,0.0,30.0,23
2026-05-03T00:00,0.0,0.0,0.0,29.8,8
2026-05-03T01:00,0.0,0.0,0.0,29.5,14
2026-05-03T02:00,0.0,0.0,0.0,29.4,46
2026-05-03T03:00,0.0,0.0,0.0,29.2,42
2026-05-03T04:00,0.0,0.0,0.0,29.1,29
2026-05-03T05:00,0.0,0.0,0.0,29.0,93
2026-05-03T06:00,0.0,0.0,0.0,28.7,57
2026-05-03T07:00,66.0,223.1,33.0,29.9,5
2026-05-03T08:00,266.0,500.4,84.0,31.4,14
2026-05-03T09:00,475.0,621.8,113.0,32.5,51
2026-05-03T10:00,630.0,627.2,150.0,33.2,25
2026-05-03T11:00,767.0,652.9,179.0,33.8,26
2026-05-03T12:00,872.0,704.9,182.0,34.6,23
2026-05-03T13:00,854.0,607.2,250.0,33.4,55
2026-05-03T14:00,738.0,565.9,202.0,34.5,76
2026-05-03T15:00,690.0,519.4,254.0,34.3,79
2026-05-03T16:00,477.0,452.3,170.0,33.1,92
2026-05-03T17:00,327.0,386.3,143.0,32.9,45
2026-05-03T18:00,146.0,325.5,66.0,31.7,28
2026-05-03T19:00,13.0,34.5,10.0,31.2,49
2026-05-03T20:00,0.0,0.0,0.0,30.9,84
2026-05-03T21:00,0.0,0.0,0.0,30.7,72
2026-05-03T22:00,0.0,0.0,0.0,30.5,100
2026-05-03T23:00,0.0,0.0,0.0,30.3,100
2026-05-04T00:00,0.0,0.0,0.0,30.0,99
2026-05-04T01:00,0.0,0.0,0.0,30.4,100
2026-05-04T02:00,0.0,0.0,0.0,30.3,96
2026-05-04T03:00,0.0,0.0,0.0,30.1,98
2026-05-04T04:00,0.0,0.0,0.0,30.0,100
2026-05-04T05:00,0.0,0.0,0.0,29.7,100
2026-05-04T06:00,0.0,0.0,0.0,29.3,94
2026-05-04T07:00,60.0,148.1,38.0,30.0,31
2026-05-04T08:00,250.0,438.6,90.0,31.2,33
2026-05-04T09:00,458.0,562.7,130.0,32.7,66
2026-05-04T10:00,612.0,568.1,177.0,33.5,89
2026-05-04T11:00,714.0,485.2,277.0,34.2,100
2026-05-04T12:00,777.0,464.9,322.0,34.0,100
2026-05-04T13:00,723.0,374.1,351.0,35.5,96
2026-05-04T14:00,672.0,395.0,298.0,33.7,91
2026-05-04T15:00,521.0,351.5,226.0,33.3,97
2026-05-04T16:00,472.0,456.7,162.0,33.1,100
2026-05-04T17:00,345.0,488.9,112.0,32.3,100
2026-05-04T18:00,130.0,272.0,63.0,32.0,98
2026-05-04T19:00,13.0,45.8,9.0,29.5,99
2026-05-04T20:00,0.0,0.0,0.0,29.2,100
2026-05-04T21:00,0.0,0.0,0.0,29.0,100
2026-05-04T22:00,0.0,0.0,0.0,28.9,98
2026-05-04T23:00,0.0,0.0,0.0,28.4,100
2026-05-05T00:00,0.0,0.0,0.0,24.8,100
2026-05-05T01:00,0.0,0.0,0.0,25.5,99
2026-05-05T02:00,0.0,0.0,0.0,25.4,100
2026-05-05T03:00,0.0,0.0,0.0,25.2,46
2026-05-05T04:00,0.0,0.0,0.0,25.1,100
2026-05-05T05:00,0.0,0.0,0.0,25.2,68
2026-05-05T06:00,0.0,0.0,0.0,25.0,67
2026-05-05T07:00,64.0,167.7,39.0,26.1,99
2026-05-05T08:00,258.0,429.2,101.0,28.0,100
2026-05-05T09:00,459.0,510.6,161.0,29.9,99
2026-05-05T10:00,652.0,596.6,195.0,31.6,99
2026-05-05T11:00,840.0,751.6,163.0,33.2,98
2026-05-05T12:00,907.0,751.0,172.0,34.4,100
2026-05-05T13:00,874.0,691.0,187.0,34.8,48
2026-05-05T14:00,766.0,543.0,252.0,35.3,26
2026-05-05T15:00,586.0,432.6,223.0,35.2,50
2026-05-05T16:00,445.0,443.4,144.0,34.1,59
2026-05-05T17:00,314.0,427.9,110.0,32.6,58
2026-05-05T18:00,132.0,275.5,64.0,32.1,70
2026-05-05T19:00,14.0,45.7,10.0,31.3,91
2026-05-05T20:00,0.0,0.0,0.0,31.0,100
2026-05-05T21:00,0.0,0.0,0.0,30.6,100
2026-05-05T22:00,0.0,0.0,0.0,30.5,99
2026-05-05T23:00,0.0,0.0,0.0,30.3,95
2026-05-06T00:00,0.0,0.0,0.0,30.0,99
2026-05-06T01:00,0.0,0.0,0.0,28.5,99
2026-05-06T02:00,0.0,0.0,0.0,29.0,100
2026-05-06T03:00,0.0,0.0,0.0,28.9,100
2026-05-06T04:00,0.0,0.0,0.0,28.9,100
2026-05-06T05:00,0.0,0.0,0.0,28.7,100
2026-05-06T06:00,0.0,0.0,0.0,28.6,100
2026-05-06T07:00,68.0,200.5,38.0,25.4,100
2026-05-06T08:00,63.0,0.0,63.0,26.4,100
2026-05-06T09:00,250.0,58.2,216.0,28.8,100
2026-05-06T10:00,484.0,219.2,316.0,31.7,100
2026-05-06T11:00,698.0,398.5,339.0,33.6,100
2026-05-06T12:00,645.0,346.5,306.0,33.8,100
2026-05-06T13:00,836.0,522.1,317.0,36.0,100
2026-05-06T14:00,820.0,643.5,211.0,35.7,100
2026-05-06T15:00,742.0,686.6,166.0,33.6,100
2026-05-06T16:00,497.0,505.3,154.0,33.9,95
2026-05-06T17:00,337.0,482.1,107.0,32.9,68
2026-05-06T18:00,140.0,311.2,63.0,31.6,22
2026-05-06T19:00,14.0,45.5,10.0,30.6,21
2026-05-06T20:00,0.0,0.0,0.0,30.3,16
2026-05-06T21:00,0.0,0.0,0.0,30.1,9
2026-05-06T22:00,0.0,0.0,0.0,29.9,5
2026-05-06T23:00,0.0,0.0,0.0,29.8,5
2026-05-07T00:00,0.0,0.0,0.0,29.6,0
2026-05-07T01:00,0.0,0.0,0.0,29.7,25
2026-05-07T02:00,0.0,0.0,0.0,29.6,84
2026-05-07T03:00,0.0,0.0,0.0,29.4,100
2026-05-07T04:00,0.0,0.0,0.0,29.1,100
2026-05-07T05:00,0.0,0.0,0.0,28.9,98
2026-05-07T06:00,0.0,0.0,0.0,28.6,36
2026-05-07T07:00,67.0,199.8,37.0,28.3,95
2026-05-07T08:00,233.0,312.7,118.0,30.1,95
2026-05-07T09:00,329.0,249.7,183.0,30.8,93
2026-05-07T10:00,520.0,344.4,256.0,32.0,78
2026-05-07T11:00,711.0,538.4,226.0,33.1,88
2026-05-07T12:00,855.0,660.3,209.0,31.0,98
2026-05-07T13:00,650.0,364.3,288.0,31.7,88
2026-05-07T14:00,540.0,233.6,319.0,31.8,86
2026-05-07T15:00,487.0,237.3,288.0,31.2,95
2026-05-07T16:00,499.0,452.3,192.0,31.4,98
2026-05-07T17:00,318.0,402.2,126.0,30.9,99
2026-05-07T18:00,132.0,225.8,76.0,30.4,85
2026-05-07T19:00,10.0,11.3,9.0,28.9,100
2026-05-07T20:00,0.0,0.0,0.0,29.1,100
2026-05-07T21:00,0.0,0.0,0.0,29.3,100
2026-05-07T22:00,0.0,0.0,0.0,29.2,100
2026-05-07T23:00,0.0,0.0,0.0,29.1,100
2026-05-08T00:00,0.0,0.0,0.0,28.7,100
2026-05-08T01:00,0.0,0.0,0.0,28.6,100
2026-05-08T02:00,0.0,0.0,0.0,28.3,100
2026-05-08T03:00,0.0,0.0,0.0,28.2,100
2026-05-08T04:00,0.0,0.0,0.0,27.9,100
2026-05-08T05:00,0.0,0.0,0.0,27.7,100
2026-05-08T06:00,0.0,0.0,0.0,27.5,97
2026-05-08T07:00,64.0,132.8,44.0,28.3,100
2026-05-08T08:00,144.0,27.1,134.0,29.4,100
2026-05-08T09:00,376.0,328.0,184.0,31.3,73
2026-05-08T10:00,629.0,625.9,149.0,31.0,97
2026-05-08T11:00,393.0,198.7,214.0,28.3,100
2026-05-08T12:00,248.0,4.1,244.0,29.2,100
2026-05-08T13:00,467.0,120.8,347.0,33.1,100
2026-05-08T14:00,815.0,585.7,261.0,32.7,100
2026-05-08T15:00,607.0,394.7,276.0,32.1,100
2026-05-08T16:00,385.0,200.3,249.0,31.3,100
2026-05-08T17:00,307.0,278.5,174.0,31.0,100
2026-05-08T18:00,128.0,229.3,71.0,28.7,100
2026-05-08T19:00,6.0,0.0,6.0,26.9,100
2026-05-08T20:00,0.0,0.0,0.0,26.6,100
2026-05-08T21:00,0.0,0.0,0.0,26.5,100
2026-05-08T22:00,0.0,0.0,0.0,26.5,100
2026-05-08T23:00,0.0,0.0,0.0,26.6,100
2026-05-09T00:00,0.0,0.0,0.0,26.6,100
2026-05-09T01:00,0.0,0.0,0.0,27.0,100
2026-05-09T02:00,0.0,0.0,0.0,26.9,100
2026-05-09T03:00,0.0,0.0,0.0,26.6,100
2026-05-09T04:00,0.0,0.0,0.0,26.5,100
2026-05-09T05:00,0.0,0.0,0.0,26.5,100
2026-05-09T06:00,0.0,0.0,0.0,26.3,97
2026-05-09T07:00,64.0,152.2,41.0,26.5,73
2026-05-09T08:00,214.0,295.1,105.0,27.9,95
2026-05-09T09:00,459.0,566.8,127.0,29.6,96
2026-05-09T10:00,654.0,636.2,166.0,31.3,95
2026-05-09T11:00,786.0,651.7,199.0,32.2,97
2026-05-09T12:00,845.0,639.1,220.0,32.8,98
2026-05-09T13:00,851.0,654.5,201.0,33.6,91
2026-05-09T14:00,747.0,575.3,203.0,33.9,36
2026-05-09T15:00,742.0,709.7,147.0,34.5,7
2026-05-09T16:00,591.0,702.7,114.0,34.5,8
2026-05-09T17:00,385.0,613.1,92.0,33.7,8
2026-05-09T18:00,161.0,401.2,61.0,32.0,9
2026-05-09T19:00,15.0,56.2,10.0,31.1,19
2026-05-09T20:00,0.0,0.0,0.0,30.3,27
2026-05-09T21:00,0.0,0.0,0.0,30.1,63
2026-05-09T22:00,0.0,0.0,0.0,29.8,97
2026-05-09T23:00,0.0,0.0,0.0,29.5,100
2026-05-10T00:00,0.0,0.0,0.0,29.5,100
2026-05-10T01:00,0.0,0.0,0.0,29.0,98
2026-05-10T02:00,0.0,0.0,0.0,28.7,91
2026-05-10T03:00,0.0,0.0,0.0,28.2,83
2026-05-10T04:00,0.0,0.0,0.0,27.6,99
2026-05-10T05:00,0.0,0.0,0.0,27.1,97
2026-05-10T06:00,0.0,0.0,0.0,26.8,98
2026-05-10T07:00,74.0,244.1,37.0,27.1,100
2026-05-10T08:00,237.0,380.9,96.0,29.3,100
2026-05-10T09:00,471.0,532.2,159.0,31.4,100
2026-05-10T10:00,684.0,696.1,150.0,32.9,100
2026-05-10T11:00,769.0,636.2,196.0,34.1,100
2026-05-10T12:00,870.0,680.2,205.0,34.7,100
2026-05-10T13:00,832.0,567.0,269.0,31.1,100
2026-05-10T14:00,754.0,480.3,300.0,33.1,100
2026-05-10T15:00,632.0,504.6,209.0,33.4,100
2026-05-10T16:00,572.0,599.5,165.0,33.3,100
2026-05-10T17:00,335.0,457.9,116.0,32.2,91
2026-05-10T18:00,160.0,388.2,63.0,31.2,99
2026-05-10T19:00,15.0,44.8,11.0,30.2,100
2026-05-10T20:00,0.0,0.0,0.0,30.1,100
2026-05-10T21:00,0.0,0.0,0.0,29.8,100
2026-05-10T22:00,0.0,0.0,0.0,29.8,100
2026-05-10T23:00,0.0,0.0,0.0,29.6,100
2026-05-11T00:00,0.0,0.0,0.0,29.3,100
2026-05-11T01:00,0.0,0.0,0.0,29.2,100
2026-05-11T02:00,0.0,0.0,0.0,29.1,100
2026-05-11T03:00,0.0,0.0,0.0,28.9,100
2026-05-11T04:00,0.0,0.0,0.0,28.8,100
2026-05-11T05:00,0.0,0.0,0.0,28.5,100
2026-05-11T06:00,0.0,0.0,0.0,28.4,100
2026-05-11T07:00,48.0,26.3,44.0,28.7,100
2026-05-11T08:00,207.0,218.4,126.0,29.7,100
2026-05-11T09:00,418.0,422.8,170.0,31.0,99
2026-05-11T10:00,534.0,411.9,218.0,31.6,98
2026-05-11T11:00,743.0,553.0,245.0,32.9,95
2026-05-11T12:00,859.0,683.5,191.0,33.6,48
2026-05-11T13:00,741.0,573.3,172.0,34.0,73
2026-05-11T14:00,698.0,486.8,238.0,31.7,73
2026-05-11T15:00,560.0,445.1,187.0,32.3,24
2026-05-11T16:00,496.0,525.8,139.0,31.3,82
2026-05-11T17:00,294.0,355.2,124.0,31.2,100
2026-05-11T18:00,150.0,299.4,75.0,30.3,84
2026-05-11T19:00,16.0,44.6,12.0,30.1,30
2026-05-11T20:00,0.0,0.0,0.0,29.6,56
2026-05-11T21:00,0.0,0.0,0.0,29.4,84
2026-05-11T22:00,0.0,0.0,0.0,29.1,98
2026-05-11T23:00,0.0,0.0,0.0,28.8,100
2026-05-12T00:00,0.0,0.0,0.0,28.5,98
2026-05-12T01:00,0.0,0.0,0.0,28.6,100
2026-05-12T02:00,0.0,0.0,0.0,28.6,100
2026-05-12T03:00,0.0,0.0,0.0,28.2,100
2026-05-12T04:00,0.0,0.0,0.0,27.8,100
2026-05-12T05:00,0.0,0.0,0.0,27.5,100
2026-05-12T06:00,0.0,0.0,0.0,27.6,100
2026-05-12T07:00,62.0,137.8,41.0,27.4,100
2026-05-12T08:00,121.0,53.8,101.0,26.6,100
2026-05-12T09:00,60.0,0.0,60.0,27.1,100
2026-05-12T10:00,146.0,0.0,146.0,27.9,100
2026-05-12T11:00,224.0,11.1,214.0,28.6,100
2026-05-12T12:00,330.0,39.9,291.0,28.9,100
2026-05-12T13:00,426.0,74.6,352.0,30.0,100
2026-05-12T14:00,273.0,42.3,233.0,29.8,100
2026-05-12T15:00,378.0,72.8,317.0,30.2,100
2026-05-12T16:00,267.0,69.2,220.0,29.6,100
2026-05-12T17:00,197.0,106.5,146.0,29.5,100
2026-05-12T18:00,66.0,15.9,62.0,28.7,100
2026-05-12T19:00,6.0,0.0,6.0,29.5,100
2026-05-12T20:00,0.0,0.0,0.0,29.4,100
2026-05-12T21:00,0.0,0.0,0.0,29.0,98
2026-05-12T22:00,0.0,0.0,0.0,28.8,98
2026-05-12T23:00,0.0,0.0,0.0,28.7,98
2026-05-13T00:00,0.0,0.0,0.0,28.6,99
2026-05-13T01:00,0.0,0.0,0.0,28.3,100
2026-05-13T02:00,0.0,0.0,0.0,28.4,100
2026-05-13T03:00,0.0,0.0,0.0,28.4,100
2026-05-13T04:00,0.0,0.0,0.0,28.3,100
2026-05-13T05:00,0.0,0.0,0.0,27.8,99
2026-05-13T06:00,0.0,0.0,0.0,27.2,91
2026-05-13T07:00,56.0,78.6,44.0,28.4,53
2026-05-13T08:00,229.0,335.9,104.0,29.7,49
2026-05-13T09:00,393.0,361.0,181.0,30.5,54
2026-05-13T10:00,586.0,462.7,231.0,31.2,37
2026-05-13T11:00,778.0,642.1,200.0,30.9,77
2026-05-13T12:00,675.0,445.3,240.0,30.1,68
2026-05-13T13:00,799.0,515.2,288.0,33.0,23
2026-05-13T14:00,830.0,652.2,214.0,33.1,13
2026-05-13T15:00,763.0,731.7,150.0,32.8,56
2026-05-13T16:00,515.0,521.3,161.0,32.2,89
2026-05-13T17:00,258.0,304.6,112.0,31.2,85
2026-05-13T18:00,124.0,150.9,86.0,30.4,80
2026-05-13T19:00,11.0,22.1,9.0,30.7,99
2026-05-13T20:00,0.0,0.0,0.0,30.4,95
2026-05-13T21:00,0.0,0.0,0.0,27.0,100
2026-05-13T22:00,0.0,0.0,0.0,26.6,95
2026-05-13T23:00,0.0,0.0,0.0,27.1,95
2026-05-14T00:00,0.0,0.0,0.0,27.2,97
2026-05-14T01:00,0.0,0.0,0.0,28.0,100
2026-05-14T02:00,0.0,0.0,0.0,28.1,99
2026-05-14T03:00,0.0,0.0,0.0,28.1,91
2026-05-14T04:00,0.0,0.0,0.0,27.9,100
2026-05-14T05:00,0.0,0.0,0.0,27.8,98
2026-05-14T06:00,0.0,0.0,0.0,27.3,99
2026-05-14T07:00,69.0,143.8,47.0,28.0,100
2026-05-14T08:00,139.0,64.4,115.0,28.9,100
2026-05-14T09:00,414.0,308.1,233.0,30.9,99
2026-05-14T10:00,573.0,394.9,270.0,32.2,100
2026-05-14T11:00,585.0,223.3,384.0,32.8,98
2026-05-14T12:00,752.0,357.4,403.0,33.7,100
2026-05-14T13:00,657.0,234.0,425.0,34.1,91
2026-05-14T14:00,733.0,424.7,332.0,34.3,76
2026-05-14T15:00,748.0,656.6,198.0,33.2,100
2026-05-14T16:00,467.0,291.5,269.0,32.0,100
2026-05-14T17:00,229.0,125.1,169.0,31.3,100
2026-05-14T18:00,125.0,138.6,90.0,30.3,100
2026-05-14T19:00,9.0,11.0,8.0,30.9,100
2026-05-14T20:00,0.0,0.0,0.0,31.5,100
2026-05-14T21:00,0.0,0.0,0.0,31.4,100
2026-05-14T22:00,0.0,0.0,0.0,31.2,99
2026-05-14T23:00,0.0,0.0,0.0,30.9,99
2026-05-15T00:00,0.0,0.0,0.0,30.1,92
2026-05-15T01:00,0.0,0.0,0.0,29.4,100
2026-05-15T02:00,0.0,0.0,0.0,29.1,100
2026-05-15T03:00,0.0,0.0,0.0,29.0,99
2026-05-15T04:00,0.0,0.0,0.0,28.9,100
2026-05-15T05:00,0.0,0.0,0.0,28.9,100
2026-05-15T06:00,0.0,0.0,0.0,28.7,99
2026-05-15T07:00,71.0,195.7,41.0,28.4,99
2026-05-15T08:00,246.0,297.4,135.0,30.2,99
2026-05-15T09:00,455.0,473.1,177.0,31.5,95
2026-05-15T10:00,607.0,453.6,259.0,32.0,85
2026-05-15T11:00,786.0,625.8,223.0,33.3,95
2026-05-15T12:00,873.0,653.6,235.0,33.8,88
2026-05-15T13:00,887.0,698.2,195.0,34.9,54
2026-05-15T14:00,886.0,776.6,153.0,35.4,36
2026-05-15T15:00,773.0,754.6,141.0,34.8,85
2026-05-15T16:00,591.0,677.2,131.0,27.1,98
2026-05-15T17:00,120.0,66.7,88.0,27.8,96
2026-05-15T18:00,135.0,165.8,93.0,28.5,100
2026-05-15T19:00,15.0,21.9,13.0,30.4,100
2026-05-15T20:00,0.0,0.0,0.0,29.7,100
2026-05-15T21:00,0.0,0.0,0.0,28.8,100
2026-05-15T22:00,0.0,0.0,0.0,28.3,100
2026-05-15T23:00,0.0,0.0,0.0,28.1,100
2026-05-16T00:00,0.0,0.0,0.0,28.1,100
2026-05-16T01:00,0.0,0.0,0.0,29.0,100
2026-05-16T02:00,0.0,0.0,0.0,29.0,100
2026-05-16T03:00,0.0,0.0,0.0,28.9,100
2026-05-16T04:00,0.0,0.0,0.0,28.7,100
2026-05-16T05:00,0.0,0.0,0.0,28.4,99
2026-05-16T06:00,0.0,0.0,0.0,28.1,99
2026-05-16T07:00,64.0,78.1,52.0,28.3,100
2026-05-16T08:00,241.0,323.8,120.0,29.9,100
2026-05-16T09:00,445.0,440.6,186.0,31.5,100
2026-05-16T10:00,579.0,375.4,291.0,32.6,100
2026-05-16T11:00,407.0,52.3,360.0,32.6,100
2026-05-16T12:00,359.0,55.3,305.0,32.5,99
2026-05-16T13:00,682.0,397.7,288.0,34.0,90
2026-05-16T14:00,849.0,642.2,243.0,35.6,99
2026-05-16T15:00,585.0,372.6,273.0,34.0,100
2026-05-16T16:00,353.0,198.7,218.0,32.8,93
2026-05-16T17:00,324.0,324.7,168.0,32.4,64
2026-05-16T18:00,154.0,315.0,74.0,28.3,96
2026-05-16T19:00,10.0,10.9,9.0,30.4,82
2026-05-16T20:00,0.0,0.0,0.0,29.8,91
2026-05-16T21:00,0.0,0.0,0.0,30.0,99
2026-05-16T22:00,0.0,0.0,0.0,29.5,93
2026-05-16T23:00,0.0,0.0,0.0,29.0,95
2026-05-17T00:00,0.0,0.0,0.0,28.6,95
2026-05-17T01:00,0.0,0.0,0.0,28.3,100
2026-05-17T02:00,0.0,0.0,0.0,27.9,100
2026-05-17T03:00,0.0,0.0,0.0,27.7,100
2026-05-17T04:00,0.0,0.0,0.0,27.5,100
2026-05-17T05:00,0.0,0.0,0.0,27.4,100
2026-05-17T06:00,0.0,0.0,0.0,27.4,100
2026-05-17T07:00,26.0,0.0,26.0,28.0,100
2026-05-17T08:00,203.0,195.1,130.0,29.6,98
2026-05-17T09:00,447.0,445.6,185.0,30.8,99
2026-05-17T10:00,540.0,387.2,243.0,31.2,100
2026-05-17T11:00,622.0,367.0,292.0,32.0,100
2026-05-17T12:00,782.0,513.7,281.0,33.3,100
2026-05-17T13:00,866.0,594.7,277.0,34.2,100
2026-05-17T14:00,516.0,160.1,365.0,33.3,100
2026-05-17T15:00,573.0,311.7,312.0,33.8,100
2026-05-17T16:00,451.0,232.5,293.0,33.8,100
2026-05-17T17:00,282.0,224.6,174.0,32.5,100
2026-05-17T18:00,122.0,121.7,91.0,31.3,98
2026-05-17T19:00,16.0,32.6,13.0,30.5,99
2026-05-17T20:00,0.0,0.0,0.0,30.0,100
2026-05-17T21:00,0.0,0.0,0.0,29.5,98
2026-05-17T22:00,0.0,0.0,0.0,28.9,100
2026-05-17T23:00,0.0,0.0,0.0,28.5,100
2026-05-18T00:00,0.0,0.0,0.0,28.2,100
2026-05-18T01:00,0.0,0.0,0.0,28.2,100
2026-05-18T02:00,0.0,0.0,0.0,27.8,100
2026-05-18T03:00,0.0,0.0,0.0,27.5,99
2026-05-18T04:00,0.0,0.0,0.0,27.5,100
2026-05-18T05:00,0.0,0.0,0.0,27.5,100
2026-05-18T06:00,0.0,0.0,0.0,27.5,100
2026-05-18T07:00,60.0,84.4,47.0,28.5,100
2026-05-18T08:00,206.0,154.9,148.0,29.6,100
2026-05-18T09:00,306.0,139.5,224.0,30.1,93
2026-05-18T10:00,570.0,378.2,280.0,31.7,93
2026-05-18T11:00,784.0,600.8,244.0,33.1,99
2026-05-18T12:00,747.0,376.4,380.0,33.1,100
2026-05-18T13:00,660.0,365.7,298.0,33.2,91
2026-05-18T14:00,776.0,574.8,234.0,33.1,94
2026-05-18T15:00,656.0,537.6,206.0,33.3,93
2026-05-18T16:00,357.0,275.2,170.0,31.7,96
2026-05-18T17:00,281.0,270.1,151.0,31.9,93
2026-05-18T18:00,138.0,234.9,78.0,31.4,84
2026-05-18T19:00,15.0,32.4,12.0,30.9,98
2026-05-18T20:00,0.0,0.0,0.0,30.3,98
2026-05-18T21:00,0.0,0.0,0.0,29.7,98
2026-05-18T22:00,0.0,0.0,0.0,29.5,100
2026-05-18T23:00,0.0,0.0,0.0,29.0,99
2026-05-19T00:00,0.0,0.0,0.0,28.4,100
2026-05-19T01:00,0.0,0.0,0.0,28.1,100
2026-05-19T02:00,0.0,0.0,0.0,27.8,100
2026-05-19T03:00,0.0,0.0,0.0,27.7,100
2026-05-19T04:00,0.0,0.0,0.0,27.5,100
2026-05-19T05:00,0.0,0.0,0.0,27.4,100
2026-05-19T06:00,0.0,0.0,0.0,27.3,100
2026-05-19T07:00,43.0,0.0,43.0,27.7,98
2026-05-19T08:00,202.0,149.4,146.0,29.2,99
2026-05-19T09:00,363.0,210.9,239.0,30.5,100
2026-05-19T10:00,533.0,296.1,306.0,31.9,98
2026-05-19T11:00,655.0,322.8,365.0,32.5,100
2026-05-19T12:00,634.0,242.2,398.0,32.9,96
2026-05-19T13:00,714.0,366.8,351.0,32.5,95
2026-05-19T14:00,517.0,186.7,341.0,32.0,95
2026-05-19T15:00,538.0,278.4,305.0,32.2,99
2026-05-19T16:00,505.0,379.5,247.0,32.1,95
2026-05-19T17:00,273.0,278.2,139.0,28.5,80
2026-05-19T18:00,120.0,140.5,84.0,28.8,98
2026-05-19T19:00,12.0,10.8,11.0,28.1,100
2026-05-19T20:00,0.0,0.0,0.0,28.3,100
2026-05-19T21:00,0.0,0.0,0.0,27.3,100
2026-05-19T22:00,0.0,0.0,0.0,27.4,99
2026-05-19T23:00,0.0,0.0,0.0,27.6,99
2026-05-20T00:00,0.0,0.0,0.0,27.6,99
2026-05-20T01:00,0.0,0.0,0.0,26.4,100
2026-05-20T02:00,0.0,0.0,0.0,26.7,100
2026-05-20T03:00,0.0,0.0,0.0,26.7,100
2026-05-20T04:00,0.0,0.0,0.0,26.6,100
2026-05-20T05:00,0.0,0.0,0.0,26.5,100
2026-05-20T06:00,0.0,0.0,0.0,26.5,100
2026-05-20T07:00,32.0,12.9,30.0,26.6,100
2026-05-20T08:00,133.0,32.0,121.0,27.3,100
2026-05-20T09:00,296.0,149.6,208.0,28.3,100
2026-05-20T10:00,388.0,133.1,286.0,29.0,100
2026-05-20T11:00,577.0,247.2,355.0,29.9,99
2026-05-20T12:00,629.0,213.5,421.0,30.5,93
2026-05-20T13:00,747.0,354.8,396.0,32.2,98
2026-05-20T14:00,695.0,338.5,376.0,32.4,98
2026-05-20T15:00,636.0,439.7,268.0,32.9,97
2026-05-20T16:00,545.0,489.8,212.0,32.5,99
2026-05-20T17:00,270.0,271.7,139.0,30.7,100
2026-05-20T18:00,143.0,194.6,93.0,29.9,100
2026-05-20T19:00,15.0,10.7,14.0,29.6,100
2026-05-20T20:00,0.0,0.0,0.0,29.4,100
2026-05-20T21:00,0.0,0.0,0.0,29.2,100
2026-05-20T22:00,0.0,0.0,0.0,28.8,100
2026-05-20T23:00,0.0,0.0,0.0,28.4,100
2026-05-21T00:00,0.0,0.0,0.0,28.5,99
2026-05-21T01:00,0.0,0.0,0.0,27.2,100
2026-05-21T02:00,0.0,0.0,0.0,27.1,100
2026-05-21T03:00,0.0,0.0,0.0,27.1,100
2026-05-21T04:00,0.0,0.0,0.0,27.1,100
2026-05-21T05:00,0.0,0.0,0.0,27.1,100
2026-05-21T06:00,0.0,0.0,0.0,27.1,98
2026-05-21T07:00,76.0,155.2,52.0,28.4,94
2026-05-21T08:00,263.0,375.8,122.0,29.9,99
2026-05-21T09:00,438.0,435.4,182.0,30.8,100
2026-05-21T10:00,533.0,300.2,303.0,31.4,100
2026-05-21T11:00,665.0,373.1,330.0,32.1,99
2026-05-21T12:00,861.0,613.1,264.0,32.8,77
2026-05-21T13:00,887.0,656.3,238.0,33.3,95
2026-05-21T14:00,819.0,579.5,273.0,32.8,98
2026-05-21T15:00,723.0,624.9,200.0,32.1,91
2026-05-21T16:00,527.0,530.8,166.0,31.6,95
2026-05-21T17:00,321.0,373.0,141.0,31.3,98
2026-05-21T18:00,124.0,131.9,90.0,30.5,96
2026-05-21T19:00,18.0,32.0,15.0,30.8,99
2026-05-21T20:00,0.0,0.0,0.0,30.4,100
2026-05-21T21:00,0.0,0.0,0.0,29.7,100
2026-05-21T22:00,0.0,0.0,0.0,29.3,99
2026-05-21T23:00,0.0,0.0,0.0,29.2,98
2026-05-22T00:00,0.0,0.0,0.0,29.2,100
2026-05-22T01:00,0.0,0.0,0.0,29.0,99
2026-05-22T02:00,0.0,0.0,0.0,28.7,100
2026-05-22T03:00,0.0,0.0,0.0,28.7,68
2026-05-22T04:00,0.0,0.0,0.0,28.5,77
2026-05-22T05:00,0.0,0.0,0.0,28.5,96
2026-05-22T06:00,0.0,0.0,0.0,28.6,99
2026-05-22T07:00,64.0,109.9,47.0,29.4,97
2026-05-22T08:00,167.0,106.6,127.0,28.7,99
2026-05-22T09:00,354.0,233.0,217.0,29.8,95
2026-05-22T10:00,563.0,357.7,289.0,30.8,99
2026-05-22T11:00,682.0,427.9,298.0,30.9,99
2026-05-22T12:00,669.0,302.1,375.0,31.1,100
2026-05-22T13:00,804.0,489.6,320.0,31.7,99
2026-05-22T14:00,662.0,319.6,361.0,32.1,100
2026-05-22T15:00,587.0,322.7,317.0,31.8,99
2026-05-22T16:00,440.0,324.9,219.0,31.5,98
2026-05-22T17:00,252.0,130.4,189.0,30.7,93
2026-05-22T18:00,128.0,131.5,94.0,29.9,99
2026-05-22T19:00,13.0,10.6,12.0,29.2,99
2026-05-22T20:00,0.0,0.0,0.0,27.7,99
2026-05-22T21:00,0.0,0.0,0.0,28.2,99
2026-05-22T22:00,0.0,0.0,0.0,28.1,100
2026-05-22T23:00,0.0,0.0,0.0,28.0,98
2026-05-23T00:00,0.0,0.0,0.0,28.2,96
2026-05-23T01:00,0.0,0.0,0.0,27.9,100
2026-05-23T02:00,0.0,0.0,0.0,28.1,100
2026-05-23T03:00,0.0,0.0,0.0,27.8,100
2026-05-23T04:00,0.0,0.0,0.0,27.5,99
2026-05-23T05:00,0.0,0.0,0.0,27.0,99
2026-05-23T06:00,0.0,0.0,0.0,26.0,100
2026-05-23T07:00,59.0,58.1,50.0,26.9,99
2026-05-23T08:00,263.0,386.1,118.0,28.5,98
2026-05-23T09:00,451.0,491.7,162.0,30.2,89
2026-05-23T10:00,664.0,634.7,178.0,31.4,91
2026-05-23T11:00,803.0,657.7,213.0,32.1,92
2026-05-23T12:00,790.0,527.3,277.0,31.9,91
2026-05-23T13:00,866.0,613.3,260.0,31.9,72
2026-05-23T14:00,808.0,653.1,193.0,32.4,81
2026-05-23T15:00,684.0,523.4,246.0,32.8,89
2026-05-23T16:00,477.0,399.7,205.0,31.5,98
2026-05-23T17:00,295.0,273.0,163.0,31.2,92
2026-05-23T18:00,168.0,350.9,77.0,30.6,83
2026-05-23T19:00,20.0,63.3,14.0,30.8,96
2026-05-23T20:00,0.0,0.0,0.0,30.6,97
2026-05-23T21:00,0.0,0.0,0.0,30.2,99
2026-05-23T22:00,0.0,0.0,0.0,30.1,99
2026-05-23T23:00,0.0,0.0,0.0,29.9,100
2026-05-24T00:00,0.0,0.0,0.0,29.5,100
2026-05-24T01:00,0.0,0.0,0.0,29.0,99
2026-05-24T02:00,0.0,0.0,0.0,28.8,100
2026-05-24T03:00,0.0,0.0,0.0,28.8,100
2026-05-24T04:00,0.0,0.0,0.0,28.9,97
2026-05-24T05:00,0.0,0.0,0.0,28.6,98
2026-05-24T06:00,0.0,0.0,0.0,27.8,98
2026-05-24T07:00,80.0,238.9,43.0,28.8,84
2026-05-24T08:00,257.0,391.4,110.0,30.1,82
2026-05-24T09:00,489.0,602.4,135.0,31.7,91
2026-05-24T10:00,657.0,606.3,193.0,32.7,81
2026-05-24T11:00,816.0,692.6,195.0,33.3,98
2026-05-24T12:00,870.0,651.9,236.0,32.7,96
2026-05-24T13:00,879.0,602.4,284.0,33.3,96
2026-05-24T14:00,850.0,677.7,212.0,33.6,82
2026-05-24T15:00,707.0,607.1,199.0,33.2,59
2026-05-24T16:00,583.0,662.5,132.0,32.7,90
2026-05-24T17:00,352.0,458.6,130.0,31.9,83
2026-05-24T18:00,164.0,299.8,86.0,31.3,13
2026-05-24T19:00,20.0,84.0,12.0,31.5,50
2026-05-24T20:00,0.0,0.0,0.0,30.8,26
2026-05-24T21:00,0.0,0.0,0.0,27.7,52
2026-05-24T22:00,0.0,0.0,0.0,28.1,28
2026-05-24T23:00,0.0,0.0,0.0,27.8,81
2026-05-25T00:00,0.0,0.0,0.0,28.0,66
2026-05-25T01:00,0.0,0.0,0.0,28.5,55
2026-05-25T02:00,0.0,0.0,0.0,28.5,86
2026-05-25T03:00,0.0,0.0,0.0,28.7,75
2026-05-25T04:00,0.0,0.0,0.0,28.7,69
2026-05-25T05:00,0.0,0.0,0.0,28.6,88
2026-05-25T06:00,0.0,0.0,0.0,28.3,83
2026-05-25T07:00,71.0,187.2,42.0,28.7,54
2026-05-25T08:00,275.0,455.3,104.0,30.7,70
2026-05-25T09:00,477.0,546.5,156.0,32.1,63
2026-05-25T10:00,689.0,716.4,141.0,33.0,90
2026-05-25T11:00,812.0,686.3,197.0,33.2,77
2026-05-25T12:00,880.0,681.1,218.0,33.6,63
2026-05-25T13:00,944.0,796.0,158.0,34.5,48
2026-05-25T14:00,895.0,789.4,152.0,34.6,30
2026-05-25T15:00,755.0,709.9,161.0,34.5,32
2026-05-25T16:00,595.0,681.3,131.0,34.1,73
2026-05-25T17:00,386.0,553.0,118.0,30.2,77
2026-05-25T18:00,110.0,145.6,72.0,29.0,75
2026-05-25T19:00,18.0,52.3,13.0,30.8,86
2026-05-25T20:00,0.0,0.0,0.0,28.8,98
2026-05-25T21:00,0.0,0.0,0.0,28.7,76
2026-05-25T22:00,0.0,0.0,0.0,28.8,20
2026-05-25T23:00,0.0,0.0,0.0,29.0,23
2026-05-26T00:00,0.0,0.0,0.0,28.9,25
2026-05-26T01:00,0.0,0.0,0.0,28.8,44
2026-05-26T02:00,0.0,0.0,0.0,28.4,63
2026-05-26T03:00,0.0,0.0,0.0,27.9,25
2026-05-26T04:00,0.0,0.0,0.0,27.5,36
2026-05-26T05:00,0.0,0.0,0.0,27.2,56
2026-05-26T06:00,0.0,0.0,0.0,27.1,75
2026-05-26T07:00,79.0,206.6,47.0,28.1,92
2026-05-26T08:00,260.0,370.2,121.0,29.7,68
2026-05-26T09:00,495.0,618.2,132.0,31.4,24
2026-05-26T10:00,700.0,750.7,126.0,32.7,45
2026-05-26T11:00,831.0,752.5,157.0,33.2,63
2026-05-26T12:00,904.0,741.1,184.0,33.3,52
2026-05-26T13:00,883.0,712.2,180.0,34.1,14
2026-05-26T14:00,898.0,806.5,139.0,33.9,20
2026-05-26T15:00,780.0,775.6,131.0,33.4,27
2026-05-26T16:00,561.0,642.9,123.0,32.2,23
2026-05-26T17:00,345.0,474.0,115.0,31.7,33
2026-05-26T18:00,171.0,378.0,72.0,31.6,27
2026-05-26T19:00,21.0,83.2,13.0,31.7,2
2026-05-26T20:00,0.0,0.0,0.0,31.1,11
2026-05-26T21:00,0.0,0.0,0.0,30.4,13
2026-05-26T22:00,0.0,0.0,0.0,29.9,23
2026-05-26T23:00,0.0,0.0,0.0,29.6,28
2026-05-27T00:00,0.0,0.0,0.0,29.2,17
2026-05-27T01:00,0.0,0.0,0.0,28.8,56
2026-05-27T02:00,0.0,0.0,0.0,28.1,92
2026-05-27T03:00,0.0,0.0,0.0,27.5,88
2026-05-27T04:00,0.0,0.0,0.0,27.3,37
2026-05-27T05:00,0.0,0.0,0.0,27.1,59
2026-05-27T06:00,0.0,0.0,0.0,27.0,79
2026-05-27T07:00,80.0,258.3,40.0,28.2,30
2026-05-27T08:00,279.0,500.8,91.0,30.1,60
2026-05-27T09:00,477.0,582.8,135.0,31.4,91
2026-05-27T10:00,618.0,530.0,213.0,32.3,86
2026-05-27T11:00,737.0,557.4,238.0,33.1,81
2026-05-27T12:00,839.0,572.5,283.0,34.1,86
2026-05-27T13:00,907.0,725.7,191.0,35.5,82
2026-05-27T14:00,879.0,754.6,169.0,36.0,83
2026-05-27T15:00,710.0,617.8,193.0,35.5,89
2026-05-27T16:00,542.0,514.9,191.0,34.8,91
2026-05-27T17:00,345.0,360.2,170.0,33.8,65
2026-05-27T18:00,171.0,338.6,82.0,32.8,92
2026-05-27T19:00,20.0,62.1,14.0,32.5,77
2026-05-27T20:00,0.0,0.0,0.0,32.1,100
2026-05-27T21:00,0.0,0.0,0.0,31.9,99
2026-05-27T22:00,0.0,0.0,0.0,29.5,90
2026-05-27T23:00,0.0,0.0,0.0,27.5,98
2026-05-28T00:00,0.0,0.0,0.0,28.2,98
2026-05-28T01:00,0.0,0.0,0.0,28.7,95
2026-05-28T02:00,0.0,0.0,0.0,28.6,99
2026-05-28T03:00,0.0,0.0,0.0,28.4,100
2026-05-28T04:00,0.0,0.0,0.0,28.0,100
2026-05-28T05:00,0.0,0.0,0.0,27.7,98
2026-05-28T06:00,0.0,0.0,0.0,27.6,100
2026-05-28T07:00,72.0,116.3,54.0,29.0,72
2026-05-28T08:00,251.0,359.8,116.0,31.0,76
2026-05-28T09:00,438.0,451.8,173.0,32.1,88
2026-05-28T10:00,521.0,387.6,225.0,32.8,71
2026-05-28T11:00,724.0,522.0,257.0,34.3,69
2026-05-28T12:00,762.0,516.1,261.0,34.9,38
2026-05-28T13:00,861.0,650.9,219.0,35.5,70
2026-05-28T14:00,670.0,433.7,262.0,34.4,68
2026-05-28T15:00,526.0,333.4,247.0,33.4,79
2026-05-28T16:00,449.0,360.7,203.0,33.8,91
2026-05-28T17:00,251.0,189.1,159.0,32.8,98
2026-05-28T18:00,113.0,147.9,74.0,32.2,96
2026-05-28T19:00,17.0,30.9,14.0,32.4,95
2026-05-28T20:00,0.0,0.0,0.0,32.0,98
2026-05-28T21:00,0.0,0.0,0.0,31.8,98
2026-05-28T22:00,0.0,0.0,0.0,30.9,98
2026-05-28T23:00,0.0,0.0,0.0,30.2,99
2026-05-29T00:00,0.0,0.0,0.0,30.2,98
2026-05-29T01:00,0.0,0.0,0.0,29.6,99
2026-05-29T02:00,0.0,0.0,0.0,29.9,100
2026-05-29T03:00,0.0,0.0,0.0,29.8,100
2026-05-29T04:00,0.0,0.0,0.0,29.3,99
2026-05-29T05:00,0.0,0.0,0.0,28.6,98
2026-05-29T06:00,1.0,0.0,1.0,28.4,92
2026-05-29T07:00,69.0,129.3,49.0,28.7,99
2026-05-29T08:00,200.0,261.3,102.0,30.1,100
2026-05-29T09:00,162.0,15.4,153.0,30.4,92
2026-05-29T10:00,590.0,511.0,200.0,32.4,97
2026-05-29T11:00,744.0,571.5,233.0,33.2,80
2026-05-29T12:00,880.0,668.9,231.0,33.5,80
2026-05-29T13:00,813.0,580.1,241.0,32.9,84
2026-05-29T14:00,777.0,563.5,247.0,33.1,85
2026-05-29T15:00,660.0,480.3,258.0,33.4,70
2026-05-29T16:00,490.0,477.8,164.0,32.8,76
2026-05-29T17:00,361.0,531.7,102.0,31.7,98
2026-05-29T18:00,129.0,241.8,65.0,29.3,98
2026-05-29T19:00,17.0,30.7,14.0,29.2,99
2026-05-29T20:00,0.0,0.0,0.0,29.1,100
2026-05-29T21:00,0.0,0.0,0.0,29.2,100
2026-05-29T22:00,0.0,0.0,0.0,29.2,100
2026-05-29T23:00,0.0,0.0,0.0,29.2,100
2026-05-30T00:00,0.0,0.0,0.0,29.2,99
2026-05-30T01:00,0.0,0.0,0.0,28.3,100
2026-05-30T02:00,0.0,0.0,0.0,28.0,100
2026-05-30T03:00,0.0,0.0,0.0,27.7,100
2026-05-30T04:00,0.0,0.0,0.0,27.3,100
2026-05-30T05:00,0.0,0.0,0.0,27.0,100
2026-05-30T06:00,0.0,0.0,0.0,27.0,100
2026-05-30T07:00,42.0,38.8,36.0,27.8,96
2026-05-30T08:00,210.0,157.4,151.0,29.2,100
2026-05-30T09:00,271.0,78.5,225.0,30.3,89
2026-05-30T10:00,569.0,399.9,264.0,31.2,88
2026-05-30T11:00,517.0,351.4,203.0,30.1,64
2026-05-30T12:00,696.0,415.6,293.0,30.8,69
2026-05-30T13:00,803.0,526.5,284.0,33.4,91
2026-05-30T14:00,676.0,389.2,310.0,33.6,98
2026-05-30T15:00,357.0,74.1,295.0,33.1,98
2026-05-30T16:00,434.0,259.3,257.0,32.1,99
2026-05-30T17:00,313.0,272.6,180.0,31.0,98
2026-05-30T18:00,132.0,143.0,94.0,30.3,88
2026-05-30T19:00,20.0,40.7,16.0,29.7,99
2026-05-30T20:00,0.0,0.0,0.0,28.2,99
2026-05-30T21:00,0.0,0.0,0.0,28.6,98
2026-05-30T22:00,0.0,0.0,0.0,29.0,88
2026-05-30T23:00,0.0,0.0,0.0,29.2,27
2026-05-31T00:00,0.0,0.0,0.0,29.1,54
2026-05-31T01:00,0.0,0.0,0.0,29.1,100
2026-05-31T02:00,0.0,0.0,0.0,28.9,100
2026-05-31T03:00,0.0,0.0,0.0,28.7,100
2026-05-31T04:00,0.0,0.0,0.0,28.6,100
2026-05-31T05:00,0.0,0.0,0.0,28.5,86
2026-05-31T06:00,0.0,0.0,0.0,28.0,58
2026-05-31T07:00,50.0,110.0,33.0,25.7,59
2026-05-31T08:00,189.0,264.4,90.0,26.9,34
2026-05-31T09:00,489.0,645.8,111.0,30.7,30
2026-05-31T10:00,656.0,654.7,157.0,32.8,55
2026-05-31T11:00,794.0,666.2,199.0,34.4,56
2026-05-31T12:00,916.0,784.1,156.0,35.7,79
2026-05-31T13:00,888.0,733.7,165.0,35.7,79
2026-05-31T14:00,805.0,633.8,209.0,32.6,97
2026-05-31T15:00,647.0,495.7,232.0,31.6,97
2026-05-31T16:00,461.0,414.3,178.0,30.5,99
2026-05-31T17:00,146.0,77.8,108.0,30.1,96
2026-05-31T18:00,111.0,112.5,81.0,30.1,95
2026-05-31T19:00,20.0,30.4,17.0,31.5,99
2026-05-31T20:00,0.0,0.0,0.0,26.9,100
2026-05-31T21:00,0.0,0.0,0.0,26.8,100
2026-05-31T22:00,0.0,0.0,0.0,26.4,100
2026-05-31T23:00,0.0,0.0,0.0,26.4,98
2026-06-01T00:00,0.0,0.0,0.0,26.5,98
2026-06-01T01:00,0.0,0.0,0.0,25.7,100
2026-06-01T02:00,0.0,0.0,0.0,25.6,100
2026-06-01T03:00,0.0,0.0,0.0,25.6,100
2026-06-01T04:00,0.0,0.0,0.0,25.7,100
2026-06-01T05:00,0.0,0.0,0.0,25.9,97
2026-06-01T06:00,0.0,0.0,0.0,25.9,91
2026-06-01T07:00,52.0,97.2,37.0,26.8,99
2026-06-01T08:00,223.0,326.1,101.0,28.1,99
2026-06-01T09:00,382.0,379.6,160.0,29.5,91
2026-06-01T10:00,527.0,432.0,198.0,30.8,95
2026-06-01T11:00,696.0,535.5,218.0,32.0,98
2026-06-01T12:00,831.0,673.0,179.0,32.9,99
2026-06-01T13:00,878.0,700.5,188.0,34.6,86
2026-06-01T14:00,871.0,761.5,155.0,35.0,32
2026-06-01T15:00,768.0,757.1,134.0,34.5,43
2026-06-01T16:00,561.0,637.9,125.0,33.2,61
2026-06-01T17:00,332.0,388.4,142.0,31.9,72
2026-06-01T18:00,135.0,198.1,82.0,30.1,51
2026-06-01T19:00,21.0,70.5,14.0,29.8,80
2026-06-01T20:00,0.0,0.0,0.0,29.7,86
2026-06-01T21:00,0.0,0.0,0.0,29.7,87
2026-06-01T22:00,0.0,0.0,0.0,29.7,92
2026-06-01T23:00,0.0,0.0,0.0,29.5,96
2026-06-02T00:00,0.0,0.0,0.0,29.2,98
2026-06-02T01:00,0.0,0.0,0.0,28.5,98
2026-06-02T02:00,0.0,0.0,0.0,27.9,99
2026-06-02T03:00,0.0,0.0,0.0,27.5,91
2026-06-02T04:00,0.0,0.0,0.0,27.5,90
2026-06-02T05:00,0.0,0.0,0.0,27.0,83
2026-06-02T06:00,1.0,0.0,1.0,26.9,79
2026-06-02T07:00,82.0,272.4,40.0,27.9,91
2026-06-02T08:00,226.0,334.4,101.0,29.7,98
2026-06-02T09:00,436.0,492.9,148.0,31.4,94
2026-06-02T10:00,688.0,730.5,132.0,33.0,80
2026-06-02T11:00,830.0,758.9,153.0,34.4,94
2026-06-02T12:00,872.0,669.2,224.0,35.0,88
2026-06-02T13:00,840.0,648.9,201.0,35.1,84
2026-06-02T14:00,652.0,438.2,240.0,33.3,85
2026-06-02T15:00,644.0,457.3,261.0,34.0,78
2026-06-02T16:00,509.0,481.0,180.0,33.2,60
2026-06-02T17:00,348.0,422.5,141.0,31.8,93
2026-06-02T18:00,116.0,148.9,76.0,30.5,83
2026-06-02T19:00,18.0,40.1,14.0,30.9,45
2026-06-02T20:00,0.0,0.0,0.0,30.0,28
2026-06-02T21:00,0.0,0.0,0.0,29.7,47
2026-06-02T22:00,0.0,0.0,0.0,29.9,38
2026-06-02T23:00,0.0,0.0,0.0,29.7,94
2026-06-03T00:00,0.0,0.0,0.0,29.5,98
2026-06-03T01:00,0.0,0.0,0.0,29.3,97
2026-06-03T02:00,0.0,0.0,0.0,28.6,95
2026-06-03T03:00,0.0,0.0,0.0,28.1,100
2026-06-03T04:00,0.0,0.0,0.0,27.9,97
2026-06-03T05:00,0.0,0.0,0.0,27.7,98
2026-06-03T06:00,0.0,0.0,0.0,27.7,99
2026-06-03T07:00,74.0,149.3,51.0,28.5,17
2026-06-03T08:00,286.0,543.6,83.0,30.6,60
2026-06-03T09:00,493.0,644.0,117.0,32.5,82
2026-06-03T10:00,671.0,677.1,156.0,33.8,90
2026-06-03T11:00,742.0,614.7,194.0,33.9,60
2026-06-03T12:00,871.0,692.2,201.0,34.0,55
2026-06-03T13:00,882.0,728.3,165.0,34.9,76
2026-06-03T14:00,836.0,669.1,207.0,34.6,36
2026-06-03T15:00,742.0,682.8,170.0,34.1,46
2026-06-03T16:00,579.0,638.5,142.0,33.6,63
2026-06-03T17:00,337.0,432.1,125.0,32.6,70
2026-06-03T18:00,160.0,293.1,81.0,32.2,82
2026-06-03T19:00,18.0,39.9,14.0,32.8,93
2026-06-03T20:00,0.0,0.0,0.0,31.7,88
2026-06-03T21:00,0.0,0.0,0.0,31.0,90
2026-06-03T22:00,0.0,0.0,0.0,30.3,98
2026-06-03T23:00,0.0,0.0,0.0,30.0,98
2026-06-04T00:00,0.0,0.0,0.0,29.8,94
2026-06-04T01:00,0.0,0.0,0.0,29.4,98
2026-06-04T02:00,0.0,0.0,0.0,29.0,98
2026-06-04T03:00,0.0,0.0,0.0,28.8,100
2026-06-04T04:00,0.0,0.0,0.0,28.8,100
2026-06-04T05:00,0.0,0.0,0.0,28.6,99
2026-06-04T06:00,0.0,0.0,0.0,28.5,100
2026-06-04T07:00,60.0,71.5,49.0,30.3,100
2026-06-04T08:00,187.0,163.5,126.0,30.6,100
2026-06-04T09:00,393.0,306.9,214.0,31.4,100
2026-06-04T10:00,486.0,350.0,220.0,31.5,98
2026-06-04T11:00,680.0,468.0,263.0,32.6,98
2026-06-04T12:00,738.0,478.6,275.0,32.6,95
2026-06-04T13:00,756.0,511.1,253.0,32.8,99
2026-06-04T14:00,697.0,403.2,318.0,33.0,100
2026-06-04T15:00,643.0,467.8,251.0,33.3,100
2026-06-04T16:00,459.0,350.4,219.0,30.2,98
2026-06-04T17:00,283.0,256.5,157.0,30.7,98
2026-06-04T18:00,140.0,162.7,96.0,30.2,99
2026-06-04T19:00,18.0,19.8,16.0,30.3,100
2026-06-04T20:00,0.0,0.0,0.0,30.6,100
2026-06-04T21:00,0.0,0.0,0.0,30.3,99
2026-06-04T22:00,0.0,0.0,0.0,29.8,98
2026-06-04T23:00,0.0,0.0,0.0,30.0,99
2026-06-05T00:00,0.0,0.0,0.0,30.2,99
2026-06-05T01:00,0.0,0.0,0.0,29.2,99
2026-06-05T02:00,0.0,0.0,0.0,29.5,100
2026-06-05T03:00,0.0,0.0,0.0,29.6,100
2026-06-05T04:00,0.0,0.0,0.0,29.4,100
2026-06-05T05:00,0.0,0.0,0.0,29.1,100
2026-06-05T06:00,1.0,0.0,1.0,29.1,100
2026-06-05T07:00,58.0,71.6,47.0,30.0,100
2026-06-05T08:00,171.0,72.5,144.0,29.9,100
2026-06-05T09:00,205.0,36.0,184.0,31.1,100
2026-06-05T10:00,542.0,410.8,230.0,32.5,100
2026-06-05T11:00,605.0,326.8,314.0,32.5,98
2026-06-05T12:00,638.0,363.0,287.0,31.6,93
2026-06-05T13:00,761.0,473.6,295.0,33.9,91
2026-06-05T14:00,780.0,605.4,211.0,34.6,86
2026-06-05T15:00,663.0,550.1,202.0,34.0,73
2026-06-05T16:00,564.0,602.7,151.0,33.2,100
2026-06-05T17:00,225.0,160.6,146.0,28.1,100
2026-06-05T18:00,47.0,0.0,47.0,28.4,97
2026-06-05T19:00,22.0,59.2,16.0,30.4,100
2026-06-05T20:00,0.0,0.0,0.0,30.5,100
2026-06-05T21:00,0.0,0.0,0.0,30.2,97
2026-06-05T22:00,0.0,0.0,0.0,30.0,99
2026-06-05T23:00,0.0,0.0,0.0,29.6,100
2026-06-06T00:00,0.0,0.0,0.0,29.5,100
2026-06-06T01:00,0.0,0.0,0.0,29.6,100
2026-06-06T02:00,0.0,0.0,0.0,29.5,100
2026-06-06T03:00,0.0,0.0,0.0,29.6,100
2026-06-06T04:00,0.0,0.0,0.0,29.2,100
2026-06-06T05:00,0.0,0.0,0.0,29.3,100
2026-06-06T06:00,0.0,0.0,0.0,29.3,100
2026-06-06T07:00,67.0,97.8,52.0,30.0,98
2026-06-06T08:00,213.0,282.2,108.0,31.1,100
2026-06-06T09:00,360.0,249.1,215.0,31.8,100
2026-06-06T10:00,592.0,492.9,218.0,31.3,100
2026-06-06T11:00,608.0,387.7,263.0,31.7,98
2026-06-06T12:00,699.0,365.2,346.0,32.1,100
2026-06-06T13:00,574.0,230.8,347.0,31.5,98
2026-06-06T14:00,635.0,425.6,235.0,29.6,99
2026-06-06T15:00,666.0,524.9,226.0,31.2,100
2026-06-06T16:00,426.0,282.9,232.0,30.8,99
2026-06-06T17:00,310.0,310.5,157.0,30.1,98
2026-06-06T18:00,163.0,264.3,91.0,30.0,97
2026-06-06T19:00,23.0,58.9,17.0,30.2,99
2026-06-06T20:00,0.0,0.0,0.0,30.0,100
2026-06-06T21:00,0.0,0.0,0.0,30.0,100
2026-06-06T22:00,0.0,0.0,0.0,29.7,100
2026-06-06T23:00,0.0,0.0,0.0,29.5,100
2026-06-07T00:00,0.0,0.0,0.0,29.2,100
2026-06-07T01:00,0.0,0.0,0.0,29.1,100
2026-06-07T02:00,0.0,0.0,0.0,29.1,100
2026-06-07T03:00,0.0,0.0,0.0,29.0,98
2026-06-07T04:00,0.0,0.0,0.0,28.5,100
2026-06-07T05:00,0.0,0.0,0.0,28.4,96
2026-06-07T06:00,0.0,0.0,0.0,28.5,80
2026-06-07T07:00,73.0,169.8,47.0,29.8,95
2026-06-07T08:00,211.0,199.1,137.0,29.1,97
2026-06-07T09:00,312.0,245.9,169.0,29.6,98
2026-06-07T10:00,357.0,108.1,275.0,30.2,78
2026-06-07T11:00,685.0,487.9,251.0,32.3,72
2026-06-07T12:00,887.0,710.0,201.0,33.7,81
2026-06-07T13:00,799.0,518.6,289.0,31.7,99
2026-06-07T14:00,516.0,156.4,369.0,30.9,100
2026-06-07T15:00,384.0,94.2,305.0,30.5,99
2026-06-07T16:00,322.0,88.9,261.0,30.5,99
2026-06-07T17:00,221.0,77.0,183.0,30.1,100
2026-06-07T18:00,79.0,14.6,75.0,29.8,99
2026-06-07T19:00,13.0,9.8,12.0,30.0,100
2026-06-07T20:00,0.0,0.0,0.0,29.6,98
2026-06-07T21:00,0.0,0.0,0.0,29.5,100
2026-06-07T22:00,0.0,0.0,0.0,29.3,99
2026-06-07T23:00,0.0,0.0,0.0,29.1,95
2026-06-08T00:00,0.0,0.0,0.0,28.8,100
2026-06-08T01:00,0.0,0.0,0.0,29.0,100
2026-06-08T02:00,0.0,0.0,0.0,28.5,91
2026-06-08T03:00,0.0,0.0,0.0,27.8,99
2026-06-08T04:00,0.0,0.0,0.0,27.9,100
2026-06-08T05:00,0.0,0.0,0.0,27.7,100
2026-06-08T06:00,0.0,0.0,0.0,27.6,96
2026-06-08T07:00,78.0,189.7,49.0,29.6,99
2026-06-08T08:00,279.0,503.9,92.0,31.1,98
2026-06-08T09:00,461.0,557.6,137.0,31.7,99
2026-06-08T10:00,621.0,604.5,163.0,32.2,99
2026-06-08T11:00,649.0,486.0,217.0,31.7,100
2026-06-08T12:00,745.0,463.8,297.0,29.1,100
2026-06-08T13:00,502.0,250.2,256.0,30.2,100
2026-06-08T14:00,398.0,234.1,178.0,29.7,99
2026-06-08T15:00,658.0,498.4,240.0,30.4,98
2026-06-08T16:00,298.0,158.7,189.0,30.1,95
2026-06-08T17:00,258.0,186.2,166.0,30.0,99
2026-06-08T18:00,152.0,175.0,104.0,29.6,99
2026-06-08T19:00,17.0,9.7,16.0,29.2,99
2026-06-08T20:00,0.0,0.0,0.0,28.8,100
2026-06-08T21:00,0.0,0.0,0.0,29.0,100
2026-06-08T22:00,0.0,0.0,0.0,29.0,100
2026-06-08T23:00,0.0,0.0,0.0,28.9,98
2026-06-09T00:00,0.0,0.0,0.0,28.7,98
2026-06-09T01:00,0.0,0.0,0.0,28.5,97
2026-06-09T02:00,0.0,0.0,0.0,28.4,99
2026-06-09T03:00,0.0,0.0,0.0,28.1,98
2026-06-09T04:00,0.0,0.0,0.0,28.1,98
2026-06-09T05:00,0.0,0.0,0.0,28.2,99
2026-06-09T06:00,0.0,0.0,0.0,28.1,84
2026-06-09T07:00,80.0,229.3,45.0,29.3,97
2026-06-09T08:00,261.0,391.3,116.0,30.8,98
2026-06-09T09:00,439.0,432.4,188.0,31.3,95
2026-06-09T10:00,522.0,406.8,214.0,31.5,82
2026-06-09T11:00,731.0,588.7,208.0,32.1,80
2026-06-09T12:00,840.0,682.6,181.0,32.6,100
2026-06-09T13:00,729.0,357.1,378.0,31.3,95
2026-06-09T14:00,665.0,392.6,296.0,28.8,99
2026-06-09T15:00,222.0,64.4,168.0,27.6,100
2026-06-09T16:00,152.0,2.9,150.0,28.3,98
2026-06-09T17:00,183.0,52.5,157.0,29.0,99
2026-06-09T18:00,94.0,36.3,84.0,28.8,100
2026-06-09T19:00,17.0,9.7,16.0,29.3,100
2026-06-09T20:00,0.0,0.0,0.0,29.3,100
2026-06-09T21:00,0.0,0.0,0.0,27.8,99
2026-06-09T22:00,0.0,0.0,0.0,27.7,98
2026-06-09T23:00,0.0,0.0,0.0,28.1,99
2026-06-10T00:00,0.0,0.0,0.0,28.0,100
2026-06-10T01:00,0.0,0.0,0.0,27.4,99
2026-06-10T02:00,0.0,0.0,0.0,27.4,100
2026-06-10T03:00,0.0,0.0,0.0,27.3,99
2026-06-10T04:00,0.0,0.0,0.0,27.5,99
2026-06-10T05:00,0.0,0.0,0.0,27.8,83
2026-06-10T06:00,0.0,0.0,0.0,27.8,55
2026-06-10T07:00,79.0,262.5,39.0,29.5,31
2026-06-10T08:00,278.0,516.1,87.0,30.6,20
2026-06-10T09:00,479.0,639.7,108.0,31.2,30
2026-06-10T10:00,628.0,606.7,169.0,31.4,59
2026-06-10T11:00,739.0,577.7,226.0,31.0,83
2026-06-10T12:00,680.0,378.2,315.0,31.4,36
2026-06-10T13:00,865.0,615.6,260.0,30.6,99
2026-06-10T14:00,687.0,421.3,291.0,29.7,98
2026-06-10T15:00,300.0,66.7,244.0,28.1,95
2026-06-10T16:00,320.0,192.0,188.0,27.7,90
2026-06-10T17:00,233.0,203.8,132.0,28.3,95
2026-06-10T18:00,124.0,134.1,87.0,28.4,98
2026-06-10T19:00,21.0,38.6,17.0,28.2,99
2026-06-10T20:00,0.0,0.0,0.0,28.3,100
2026-06-10T21:00,0.0,0.0,0.0,28.5,100
2026-06-10T22:00,0.0,0.0,0.0,28.6,100
2026-06-10T23:00,0.0,0.0,0.0,27.7,100
2026-06-11T00:00,0.0,0.0,0.0,27.3,100
2026-06-11T01:00,0.0,0.0,0.0,26.7,100
2026-06-11T02:00,0.0,0.0,0.0,26.5,100
2026-06-11T03:00,0.0,0.0,0.0,26.8,100
2026-06-11T04:00,0.0,0.0,0.0,26.6,98
2026-06-11T05:00,0.0,0.0,0.0,26.6,100
2026-06-11T06:00,0.0,0.0,0.0,26.6,100
2026-06-11T07:00,34.0,0.0,34.0,28.0,100
2026-06-11T08:00,191.0,173.2,127.0,29.4,100
2026-06-11T09:00,272.0,113.9,206.0,30.3,100
2026-06-11T10:00,159.0,2.6,157.0,30.0,98
2026-06-11T11:00,467.0,167.9,318.0,31.2,100
2026-06-11T12:00,349.0,62.2,289.0,30.7,100
2026-06-11T13:00,430.0,71.2,360.0,32.9,87
2026-06-11T14:00,813.0,677.7,176.0,30.9,89
2026-06-11T15:00,673.0,595.6,173.0,29.8,91
2026-06-11T16:00,351.0,170.0,234.0,28.9,63
2026-06-11T17:00,319.0,366.8,137.0,27.7,98
2026-06-11T18:00,65.0,36.1,55.0,27.8,70
2026-06-11T19:00,18.0,38.4,14.0,25.9,100
2026-06-11T20:00,0.0,0.0,0.0,26.4,100
2026-06-11T21:00,0.0,0.0,0.0,26.7,100
2026-06-11T22:00,0.0,0.0,0.0,26.7,100
2026-06-11T23:00,0.0,0.0,0.0,26.8,100
2026-06-12T00:00,0.0,0.0,0.0,26.8,100
2026-06-12T01:00,0.0,0.0,0.0,27.0,100
2026-06-12T02:00,0.0,0.0,0.0,26.9,100
2026-06-12T03:00,0.0,0.0,0.0,26.6,100
2026-06-12T04:00,0.0,0.0,0.0,25.3,100
2026-06-12T05:00,0.0,0.0,0.0,25.5,100
2026-06-12T06:00,0.0,0.0,0.0,25.7,100
2026-06-12T07:00,33.0,19.8,30.0,26.5,99
2026-06-12T08:00,153.0,86.7,121.0,27.5,100
2026-06-12T09:00,201.0,72.6,159.0,28.0,100
2026-06-12T10:00,237.0,25.2,218.0,28.6,100
2026-06-12T11:00,428.0,121.8,320.0,29.7,97
2026-06-12T12:00,649.0,346.3,315.0,30.5,100
2026-06-12T13:00,499.0,174.0,328.0,29.2,99
2026-06-12T14:00,140.0,10.6,130.0,28.9,83
2026-06-12T15:00,480.0,256.0,265.0,30.2,84
2026-06-12T16:00,451.0,335.4,220.0,30.0,77
2026-06-12T17:00,374.0,487.0,132.0,29.5,68
2026-06-12T18:00,172.0,327.7,81.0,26.9,78
2026-06-12T19:00,14.0,38.2,10.0,28.7,100
2026-06-12T20:00,0.0,0.0,0.0,27.7,99
2026-06-12T21:00,0.0,0.0,0.0,27.5,100
2026-06-12T22:00,0.0,0.0,0.0,27.1,100
2026-06-12T23:00,0.0,0.0,0.0,26.8,100
2026-06-13T00:00,0.0,0.0,0.0,26.5,100
2026-06-13T01:00,0.0,0.0,0.0,25.9,100
2026-06-13T02:00,0.0,0.0,0.0,25.6,100
2026-06-13T03:00,0.0,0.0,0.0,25.6,100
2026-06-13T04:00,0.0,0.0,0.0,25.7,100
2026-06-13T05:00,0.0,0.0,0.0,25.8,97
2026-06-13T06:00,0.0,0.0,0.0,25.8,100
2026-06-13T07:00,40.0,0.0,40.0,26.5,30
2026-06-13T08:00,267.0,448.0,102.0,27.9,82
2026-06-13T09:00,342.0,328.6,152.0,28.9,55
2026-06-13T10:00,453.0,361.6,180.0,29.8,63
2026-06-13T11:00,519.0,302.3,251.0,30.1,64
2026-06-13T12:00,569.0,352.6,229.0,30.2,73
2026-06-13T13:00,599.0,265.7,338.0,32.8,100
2026-06-13T14:00,588.0,218.1,383.0,32.9,78
2026-06-13T15:00,404.0,125.0,299.0,32.3,80
2026-06-13T16:00,379.0,320.7,158.0,31.8,65
2026-06-13T17:00,341.0,436.0,124.0,31.3,43
2026-06-13T18:00,188.0,412.8,73.0,30.5,63
2026-06-13T19:00,24.0,76.1,16.0,30.3,90
2026-06-13T20:00,0.0,0.0,0.0,30.1,93
2026-06-13T21:00,0.0,0.0,0.0,28.9,91
2026-06-13T22:00,0.0,0.0,0.0,28.0,80
2026-06-13T23:00,0.0,0.0,0.0,28.1,93
2026-06-14T00:00,0.0,0.0,0.0,28.2,98
2026-06-14T01:00,0.0,0.0,0.0,28.2,100
2026-06-14T02:00,0.0,0.0,0.0,28.2,100
2026-06-14T03:00,0.0,0.0,0.0,27.9,100
2026-06-14T04:00,0.0,0.0,0.0,27.6,100
2026-06-14T05:00,0.0,0.0,0.0,27.2,99
2026-06-14T06:00,0.0,0.0,0.0,26.9,98
2026-06-14T07:00,55.0,138.9,34.0,28.0,91
2026-06-14T08:00,247.0,408.0,97.0,29.4,89
2026-06-14T09:00,487.0,628.6,124.0,30.8,91
2026-06-14T10:00,678.0,713.2,140.0,31.7,72
2026-06-14T11:00,791.0,686.2,183.0,32.4,80
2026-06-14T12:00,843.0,626.7,239.0,32.5,75
2026-06-14T13:00,790.0,572.1,228.0,30.7,64
2026-06-14T14:00,670.0,465.9,232.0,31.5,82
2026-06-14T15:00,656.0,514.0,224.0,31.2,97
2026-06-14T16:00,482.0,468.3,159.0,29.6,98
2026-06-14T17:00,207.0,130.4,142.0,29.6,99
2026-06-14T18:00,160.0,246.9,91.0,29.2,91
2026-06-14T19:00,27.0,94.7,17.0,29.6,100
2026-06-14T20:00,0.0,0.0,0.0,29.7,100
2026-06-14T21:00,0.0,0.0,0.0,29.4,81
2026-06-14T22:00,0.0,0.0,0.0,28.9,73
2026-06-14T23:00,0.0,0.0,0.0,28.5,77
2026-06-15T00:00,0.0,0.0,0.0,28.3,99
2026-06-15T01:00,0.0,0.0,0.0,27.4,86
2026-06-15T02:00,0.0,0.0,0.0,27.3,89
2026-06-15T03:00,0.0,0.0,0.0,27.2,99
2026-06-15T04:00,0.0,0.0,0.0,27.1,100
2026-06-15T05:00,0.0,0.0,0.0,26.9,100
2026-06-15T06:00,0.0,0.0,0.0,26.8,97
2026-06-15T07:00,70.0,145.8,48.0,27.5,100
2026-06-15T08:00,164.0,103.5,126.0,28.8,66
2026-06-15T09:00,353.0,308.6,175.0,30.2,89
2026-06-15T10:00,539.0,448.5,201.0,31.2,95
2026-06-15T11:00,710.0,558.9,215.0,31.9,94
2026-06-15T12:00,727.0,509.6,236.0,29.8,99
2026-06-15T13:00,537.0,162.9,377.0,32.7,100
2026-06-15T14:00,751.0,544.5,239.0,32.1,96
2026-06-15T15:00,635.0,432.9,271.0,32.0,90
2026-06-15T16:00,561.0,537.4,190.0,32.7,87
2026-06-15T17:00,368.0,446.7,145.0,31.0,81
2026-06-15T18:00,161.0,281.7,82.0,30.6,87
2026-06-15T19:00,28.0,84.9,19.0,30.7,77
2026-06-15T20:00,0.0,0.0,0.0,27.1,100
2026-06-15T21:00,0.0,0.0,0.0,27.4,86
2026-06-15T22:00,0.0,0.0,0.0,27.8,96
2026-06-15T23:00,0.0,0.0,0.0,27.9,91
2026-06-16T00:00,0.0,0.0,0.0,28.3,84
2026-06-16T01:00,0.0,0.0,0.0,28.3,100
2026-06-16T02:00,0.0,0.0,0.0,28.4,100
2026-06-16T03:00,0.0,0.0,0.0,28.1,100
2026-06-16T04:00,0.0,0.0,0.0,27.8,100
2026-06-16T05:00,0.0,0.0,0.0,27.3,100
2026-06-16T06:00,0.0,0.0,0.0,27.0,84
2026-06-16T07:00,75.0,245.9,38.0,27.6,91
2026-06-16T08:00,277.0,516.0,88.0,29.3,77
2026-06-16T09:00,493.0,666.5,109.0,30.8,37
2026-06-16T10:00,694.0,775.5,110.0,32.0,36
2026-06-16T11:00,803.0,750.2,139.0,32.7,89
2026-06-16T12:00,799.0,606.3,215.0,32.6,98
2026-06-16T13:00,802.0,598.7,214.0,32.8,94
2026-06-16T14:00,868.0,716.6,194.0,29.6,100
2026-06-16T15:00,489.0,284.1,250.0,30.3,100
2026-06-16T16:00,427.0,259.1,248.0,29.7,96
2026-06-16T17:00,345.0,428.0,131.0,29.8,93
2026-06-16T18:00,159.0,280.8,80.0,29.1,99
2026-06-16T19:00,27.0,75.1,19.0,28.0,100
2026-06-16T20:00,0.0,0.0,0.0,27.1,100
2026-06-16T21:00,0.0,0.0,0.0,26.8,100
2026-06-16T22:00,0.0,0.0,0.0,26.8,100
2026-06-16T23:00,0.0,0.0,0.0,26.4,100
2026-06-17T00:00,0.0,0.0,0.0,26.4,100
2026-06-17T01:00,0.0,0.0,0.0,26.3,100
2026-06-17T02:00,0.0,0.0,0.0,26.4,100
2026-06-17T03:00,0.0,0.0,0.0,26.5,100
2026-06-17T04:00,0.0,0.0,0.0,26.5,100
2026-06-17T05:00,0.0,0.0,0.0,26.4,100
2026-06-17T06:00,0.0,0.0,0.0,26.2,100
2026-06-17T07:00,25.0,0.0,25.0,27.2,93
2026-06-17T08:00,233.0,309.2,120.0,28.9,55
2026-06-17T09:00,450.0,568.3,123.0,30.7,27
2026-06-17T10:00,638.0,673.8,131.0,32.0,61
2026-06-17T11:00,779.0,680.5,177.0,32.8,54
2026-06-17T12:00,799.0,627.2,195.0,33.2,79
2026-06-17T13:00,821.0,592.6,239.0,34.4,69
2026-06-17T14:00,886.0,783.5,149.0,34.3,80
2026-06-17T15:00,655.0,512.1,224.0,33.9,61
2026-06-17T16:00,507.0,467.1,184.0,33.7,70
2026-06-17T17:00,312.0,391.4,116.0,33.1,70
2026-06-17T18:00,142.0,216.1,81.0,30.7,95
2026-06-17T19:00,26.0,84.1,17.0,27.6,87
2026-06-17T20:00,0.0,0.0,0.0,27.6,97
2026-06-17T21:00,0.0,0.0,0.0,27.7,99
2026-06-17T22:00,0.0,0.0,0.0,28.1,99
2026-06-17T23:00,0.0,0.0,0.0,28.4,100
2026-06-18T00:00,0.0,0.0,0.0,28.5,98
2026-06-18T01:00,0.0,0.0,0.0,28.4,100
2026-06-18T02:00,0.0,0.0,0.0,28.4,100
2026-06-18T03:00,0.0,0.0,0.0,28.3,94
2026-06-18T04:00,0.0,0.0,0.0,27.9,91
2026-06-18T05:00,0.0,0.0,0.0,27.3,82
2026-06-18T06:00,0.0,0.0,0.0,26.8,72
2026-06-18T07:00,50.0,113.6,33.0,27.5,100
2026-06-18T08:00,177.0,164.5,117.0,28.9,100
2026-06-18T09:00,399.0,348.0,199.0,30.5,95
2026-06-18T10:00,688.0,756.8,119.0,32.1,98
2026-06-18T11:00,804.0,697.8,187.0,33.1,99
2026-06-18T12:00,825.0,530.8,314.0,33.6,100
2026-06-18T13:00,697.0,286.1,416.0,34.3,100
2026-06-18T14:00,740.0,433.6,332.0,34.4,100
2026-06-18T15:00,514.0,286.2,273.0,29.2,99
2026-06-18T16:00,264.0,153.1,158.0,28.2,99
2026-06-18T17:00,216.0,153.5,139.0,28.5,98
2026-06-18T18:00,141.0,127.1,105.0,28.5,100
2026-06-18T19:00,17.0,0.0,17.0,26.9,100
2026-06-18T20:00,0.0,0.0,0.0,27.0,100
2026-06-18T21:00,0.0,0.0,0.0,27.1,100
2026-06-18T22:00,0.0,0.0,0.0,27.3,100
2026-06-18T23:00,0.0,0.0,0.0,27.5,100
2026-06-19T00:00,0.0,0.0,0.0,27.5,100
2026-06-19T01:00,0.0,0.0,0.0,27.3,100
2026-06-19T02:00,0.0,0.0,0.0,27.4,100
2026-06-19T03:00,0.0,0.0,0.0,27.4,99
2026-06-19T04:00,0.0,0.0,0.0,27.3,97
2026-06-19T05:00,0.0,0.0,0.0,27.1,99
2026-06-19T06:00,0.0,0.0,0.0,27.2,100
2026-06-19T07:00,26.0,0.0,26.0,27.3,100
2026-06-19T08:00,144.0,57.7,123.0,28.1,99
2026-06-19T09:00,261.0,156.8,171.0,29.2,95
2026-06-19T10:00,520.0,388.7,228.0,30.5,91
2026-06-19T11:00,710.0,483.1,283.0,31.7,98
2026-06-19T12:00,799.0,493.5,324.0,32.3,97
2026-06-19T13:00,868.0,610.9,268.0,32.0,98
2026-06-19T14:00,674.0,353.8,341.0,29.7,98
2026-06-19T15:00,383.0,118.7,283.0,29.7,98
2026-06-19T16:00,466.0,297.3,260.0,26.6,100
2026-06-19T17:00,131.0,17.9,122.0,26.2,100
2026-06-19T18:00,51.0,14.1,47.0,26.5,99
2026-06-19T19:00,10.0,0.0,10.0,25.4,100
2026-06-19T20:00,0.0,0.0,0.0,26.0,100
2026-06-19T21:00,0.0,0.0,0.0,26.0,100
2026-06-19T22:00,0.0,0.0,0.0,25.9,100
2026-06-19T23:00,0.0,0.0,0.0,25.2,100
2026-06-20T00:00,0.0,0.0,0.0,25.0,100
2026-06-20T01:00,0.0,0.0,0.0,25.8,100
2026-06-20T02:00,0.0,0.0,0.0,26.0,100
2026-06-20T03:00,0.0,0.0,0.0,26.3,100
2026-06-20T04:00,0.0,0.0,0.0,26.4,100
2026-06-20T05:00,0.0,0.0,0.0,26.4,100
2026-06-20T06:00,0.0,0.0,0.0,26.3,100
2026-06-20T07:00,27.0,0.0,27.0,27.2,100
2026-06-20T08:00,36.0,0.0,36.0,27.4,100
2026-06-20T09:00,233.0,71.5,192.0,28.9,100
2026-06-20T10:00,122.0,0.0,122.0,28.8,100
2026-06-20T11:00,410.0,120.0,304.0,30.3,100
2026-06-20T12:00,375.0,52.0,325.0,30.6,100
2026-06-20T13:00,461.0,38.7,423.0,32.4,100
2026-06-20T14:00,591.0,228.4,376.0,32.4,86
2026-06-20T15:00,618.0,411.7,271.0,31.7,98
2026-06-20T16:00,335.0,155.7,227.0,29.7,99
2026-06-20T17:00,225.0,67.6,191.0,29.7,100
2026-06-20T18:00,119.0,63.2,101.0,29.6,98
2026-06-20T19:00,25.0,36.9,21.0,29.5,98
2026-06-20T20:00,0.0,0.0,0.0,29.5,79
2026-06-20T21:00,0.0,0.0,0.0,29.6,91
2026-06-20T22:00,0.0,0.0,0.0,29.3,28
2026-06-20T23:00,0.0,0.0,0.0,28.9,28
2026-06-21T00:00,0.0,0.0,0.0,28.9,28
2026-06-21T01:00,0.0,0.0,0.0,27.7,27
2026-06-21T02:00,0.0,0.0,0.0,27.7,21
2026-06-21T03:00,0.0,0.0,0.0,27.6,13
2026-06-21T04:00,0.0,0.0,0.0,27.7,24
2026-06-21T05:00,0.0,0.0,0.0,27.4,5
2026-06-21T06:00,0.0,0.0,0.0,26.9,9
2026-06-21T07:00,80.0,310.0,34.0,27.9,20
2026-06-21T08:00,276.0,541.1,80.0,29.8,12
2026-06-21T09:00,497.0,700.5,96.0,31.2,26
2026-06-21T10:00,690.0,777.3,107.0,32.2,63
2026-06-21T11:00,813.0,765.6,137.0,33.0,98
2026-06-21T12:00,898.0,795.1,133.0,33.9,96
2026-06-21T13:00,912.0,740.2,185.0,34.7,99
2026-06-21T14:00,843.0,710.5,174.0,34.4,83
2026-06-21T15:00,680.0,567.9,201.0,31.6,93
2026-06-21T16:00,468.0,347.2,227.0,32.4,98
2026-06-21T17:00,246.0,127.0,182.0,30.9,99
2026-06-21T18:00,140.0,167.9,92.0,28.2,100
2026-06-21T19:00,19.0,9.2,18.0,29.1,99
2026-06-21T20:00,0.0,0.0,0.0,28.6,99
2026-06-21T21:00,0.0,0.0,0.0,28.2,95
2026-06-21T22:00,0.0,0.0,0.0,28.0,97
2026-06-21T23:00,0.0,0.0,0.0,27.7,99
2026-06-22T00:00,0.0,0.0,0.0,27.5,100
2026-06-22T01:00,0.0,0.0,0.0,27.4,100
2026-06-22T02:00,0.0,0.0,0.0,27.0,100
2026-06-22T03:00,0.0,0.0,0.0,26.9,99
2026-06-22T04:00,0.0,0.0,0.0,26.6,98
2026-06-22T05:00,0.0,0.0,0.0,26.4,100
2026-06-22T06:00,0.0,0.0,0.0,26.2,100
2026-06-22T07:00,63.0,87.9,50.0,27.1,100
2026-06-22T08:00,275.0,520.2,87.0,28.9,98
2026-06-22T09:00,495.0,687.5,102.0,30.7,91
2026-06-22T10:00,685.0,749.9,123.0,31.9,63
2026-06-22T11:00,838.0,812.4,121.0,33.1,100
2026-06-22T12:00,924.0,819.2,136.0,34.0,91
2026-06-22T13:00,941.0,816.6,139.0,35.0,94
2026-06-22T14:00,883.0,765.5,162.0,35.3,97
2026-06-22T15:00,702.0,617.4,181.0,34.3,98
2026-06-22T16:00,482.0,380.0,218.0,34.2,96
2026-06-22T17:00,357.0,394.3,158.0,33.9,98
2026-06-22T18:00,156.0,191.8,101.0,32.2,97
2026-06-22T19:00,27.0,54.9,21.0,31.7,97
2026-06-22T20:00,0.0,0.0,0.0,31.1,94
2026-06-22T21:00,0.0,0.0,0.0,30.6,82
2026-06-22T22:00,0.0,0.0,0.0,30.1,73
2026-06-22T23:00,0.0,0.0,0.0,29.8,60
2026-06-23T00:00,0.0,0.0,0.0,29.4,56
2026-06-23T01:00,0.0,0.0,0.0,29.0,45
2026-06-23T02:00,0.0,0.0,0.0,28.4,30
2026-06-23T03:00,0.0,0.0,0.0,28.0,38
2026-06-23T04:00,0.0,0.0,0.0,27.6,23
2026-06-23T05:00,0.0,0.0,0.0,27.2,95
2026-06-23T06:00,0.0,0.0,0.0,26.9,70
2026-06-23T07:00,64.0,176.3,38.0,28.0,51
2026-06-23T08:00,225.0,316.2,111.0,29.4,94
2026-06-23T09:00,302.0,182.2,198.0,30.2,54
2026-06-23T10:00,641.0,608.9,185.0,32.5,28
2026-06-23T11:00,827.0,776.5,142.0,34.0,17
2026-06-23T12:00,904.0,800.6,134.0,35.3,14
2026-06-23T13:00,924.0,800.2,138.0,33.8,80
2026-06-23T14:00,663.0,419.2,268.0,34.7,55
2026-06-23T15:00,710.0,606.4,198.0,35.0,69
2026-06-23T16:00,571.0,547.9,190.0,34.5,63
2026-06-23T17:00,379.0,484.7,134.0,30.9,81
2026-06-23T18:00,155.0,278.2,75.0,30.8,40
2026-06-23T19:00,30.0,109.4,18.0,27.1,87
2026-06-23T20:00,0.0,0.0,0.0,27.9,70
2026-06-23T21:00,0.0,0.0,0.0,28.2,65
2026-06-23T22:00,0.0,0.0,0.0,28.6,84
2026-06-23T23:00,0.0,0.0,0.0,28.8,13
2026-06-24T00:00,0.0,0.0,0.0,28.7,27
2026-06-24T01:00,0.0,0.0,0.0,28.0,21
2026-06-24T02:00,0.0,0.0,0.0,27.7,54
2026-06-24T03:00,0.0,0.0,0.0,27.3,29
2026-06-24T04:00,0.0,0.0,0.0,26.9,41
2026-06-24T05:00,0.0,0.0,0.0,26.6,42
2026-06-24T06:00,0.0,0.0,0.0,26.4,48
2026-06-24T07:00,71.0,224.4,38.0,27.6,0
2026-06-24T08:00,280.0,578.3,72.0,29.8,13
2026-06-24T09:00,484.0,661.2,107.0,31.7,9
2026-06-24T10:00,678.0,740.4,124.0,33.1,5
2026-06-24T11:00,837.0,818.8,115.0,34.2,14
2026-06-24T12:00,887.0,783.1,134.0,35.0,16
2026-06-24T13:00,892.0,754.3,151.0,32.7,43
2026-06-24T14:00,814.0,650.4,201.0,33.7,55
2026-06-24T15:00,653.0,503.0,228.0,33.8,39
2026-06-24T16:00,558.0,568.9,162.0,33.8,33
2026-06-24T17:00,402.0,608.4,94.0,32.5,36
2026-06-24T18:00,195.0,443.9,67.0,32.1,26
2026-06-24T19:00,33.0,145.3,17.0,30.3,27
2026-06-24T20:00,0.0,0.0,0.0,29.8,48
2026-06-24T21:00,0.0,0.0,0.0,26.8,55
2026-06-24T22:00,0.0,0.0,0.0,26.4,38
2026-06-24T23:00,0.0,0.0,0.0,27.0,28
2026-06-25T00:00,0.0,0.0,0.0,27.8,22
2026-06-25T01:00,0.0,0.0,0.0,28.2,98
2026-06-25T02:00,0.0,0.0,0.0,27.6,92
2026-06-25T03:00,0.0,0.0,0.0,27.3,84
2026-06-25T04:00,0.0,0.0,0.0,27.2,32
2026-06-25T05:00,0.0,0.0,0.0,26.9,55
2026-06-25T06:00,0.0,0.0,0.0,26.8,95
2026-06-25T07:00,74.0,252.4,37.0,27.7,80
2026-06-25T08:00,252.0,432.0,97.0,29.8,81
2026-06-25T09:00,473.0,623.4,118.0,31.8,69
2026-06-25T10:00,652.0,656.7,161.0,32.7,80
2026-06-25T11:00,670.0,478.8,248.0,33.1,43
2026-06-25T12:00,884.0,754.1,159.0,34.1,80
2026-06-25T13:00,852.0,633.1,230.0,34.7,66
2026-06-25T14:00,783.0,589.7,227.0,33.8,88
2026-06-25T15:00,636.0,462.5,245.0,33.5,97
2026-06-25T16:00,511.0,460.7,190.0,32.7,95
2026-06-25T17:00,365.0,477.3,123.0,31.9,70
2026-06-25T18:00,185.0,345.9,85.0,27.3,100
2026-06-25T19:00,12.0,0.0,12.0,29.1,100
2026-06-25T20:00,0.0,0.0,0.0,28.4,100
2026-06-25T21:00,0.0,0.0,0.0,28.4,100
2026-06-25T22:00,0.0,0.0,0.0,28.2,99
2026-06-25T23:00,0.0,0.0,0.0,28.1,100
2026-06-26T00:00,0.0,0.0,0.0,27.9,99
2026-06-26T01:00,0.0,0.0,0.0,27.1,100
2026-06-26T02:00,0.0,0.0,0.0,26.6,100
2026-06-26T03:00,0.0,0.0,0.0,26.2,100
2026-06-26T04:00,0.0,0.0,0.0,26.2,98
2026-06-26T05:00,0.0,0.0,0.0,26.4,98
2026-06-26T06:00,0.0,0.0,0.0,26.6,92
2026-06-26T07:00,72.0,225.8,39.0,27.5,79
2026-06-26T08:00,267.0,491.7,91.0,29.4,34
2026-06-26T09:00,490.0,684.0,101.0,31.1,72
2026-06-26T10:00,666.0,716.0,131.0,32.3,78
2026-06-26T11:00,778.0,698.0,163.0,33.0,97
2026-06-26T12:00,886.0,718.8,195.0,33.8,90
2026-06-26T13:00,937.0,791.8,159.0,31.1,98
2026-06-26T14:00,621.0,469.7,178.0,30.4,86
2026-06-26T15:00,673.0,588.7,175.0,32.0,94
2026-06-26T16:00,552.0,552.1,167.0,32.3,94
2026-06-26T17:00,374.0,470.7,135.0,32.0,91
2026-06-26T18:00,159.0,244.9,88.0,29.8,95
2026-06-26T19:00,20.0,45.1,15.0,29.4,79
2026-06-26T20:00,0.0,0.0,0.0,28.9,55
2026-06-26T21:00,0.0,0.0,0.0,28.9,88
2026-06-26T22:00,0.0,0.0,0.0,28.9,95
2026-06-26T23:00,0.0,0.0,0.0,29.0,96
2026-06-27T00:00,0.0,0.0,0.0,29.0,97
2026-06-27T01:00,0.0,0.0,0.0,28.2,98
2026-06-27T02:00,0.0,0.0,0.0,28.2,100
2026-06-27T03:00,0.0,0.0,0.0,28.2,96
2026-06-27T04:00,0.0,0.0,0.0,27.9,90
2026-06-27T05:00,0.0,0.0,0.0,27.5,86
2026-06-27T06:00,0.0,0.0,0.0,27.1,99
2026-06-27T07:00,59.0,144.1,38.0,28.2,93
2026-06-27T08:00,267.0,515.3,83.0,29.8,54
2026-06-27T09:00,474.0,635.5,113.0,31.3,95
2026-06-27T10:00,651.0,653.6,163.0,32.4,95
2026-06-27T11:00,742.0,545.0,262.0,33.2,94
2026-06-27T12:00,845.0,631.4,238.0,33.5,98
2026-06-27T13:00,797.0,484.4,321.0,33.2,99
2026-06-27T14:00,593.0,355.1,258.0,31.2,94
2026-06-27T15:00,660.0,523.4,217.0,32.6,88
2026-06-27T16:00,457.0,402.6,176.0,28.6,98
2026-06-27T17:00,180.0,70.8,144.0,29.2,94
2026-06-27T18:00,173.0,323.5,79.0,29.6,99
2026-06-27T19:00,30.0,80.9,21.0,29.5,98
2026-06-27T20:00,0.0,0.0,0.0,29.2,99
2026-06-27T21:00,0.0,0.0,0.0,28.8,99
2026-06-27T22:00,0.0,0.0,0.0,28.7,98
2026-06-27T23:00,0.0,0.0,0.0,28.3,100
2026-06-28T00:00,0.0,0.0,0.0,27.5,100
2026-06-28T01:00,0.0,0.0,0.0,28.2,99
2026-06-28T02:00,0.0,0.0,0.0,27.8,98
2026-06-28T03:00,0.0,0.0,0.0,26.8,94
2026-06-28T04:00,0.0,0.0,0.0,26.4,97
2026-06-28T05:00,0.0,0.0,0.0,26.3,98
2026-06-28T06:00,0.0,0.0,0.0,26.3,98
2026-06-28T07:00,68.0,192.8,40.0,27.4,100
2026-06-28T08:00,213.0,207.7,139.0,28.7,100
2026-06-28T09:00,378.0,246.8,238.0,30.1,99
2026-06-28T10:00,651.0,655.4,162.0,31.6,98
2026-06-28T11:00,808.0,716.6,177.0,32.8,100
2026-06-28T12:00,879.0,707.4,199.0,33.5,98
2026-06-28T13:00,914.0,739.7,187.0,33.3,99
2026-06-28T14:00,750.0,550.9,230.0,30.9,100
2026-06-28T15:00,630.0,392.0,298.0,31.7,100
2026-06-28T16:00,545.0,533.9,172.0,28.3,99
2026-06-28T17:00,196.0,113.9,138.0,26.4,100
2026-06-28T18:00,82.0,48.1,68.0,26.2,100
2026-06-28T19:00,14.0,26.9,11.0,26.6,99
2026-06-28T20:00,0.0,0.0,0.0,26.9,99
2026-06-28T21:00,0.0,0.0,0.0,27.2,96
2026-06-28T22:00,0.0,0.0,0.0,27.4,97
2026-06-28T23:00,0.0,0.0,0.0,27.4,100
2026-06-29T00:00,0.0,0.0,0.0,26.9,100
2026-06-29T01:00,0.0,0.0,0.0,27.6,99
2026-06-29T02:00,0.0,0.0,0.0,27.2,100
2026-06-29T03:00,0.0,0.0,0.0,26.8,100
2026-06-29T04:00,0.0,0.0,0.0,26.7,100
2026-06-29T05:00,0.0,0.0,0.0,26.6,100
2026-06-29T06:00,0.0,0.0,0.0,26.4,100
2026-06-29T07:00,56.0,103.6,41.0,27.7,100
2026-06-29T08:00,190.0,163.2,132.0,28.8,100
2026-06-29T09:00,426.0,402.3,198.0,30.1,100
2026-06-29T10:00,644.0,608.8,190.0,31.5,100
2026-06-29T11:00,784.0,635.0,225.0,32.7,100
2026-06-29T12:00,845.0,580.5,287.0,33.5,100
2026-06-29T13:00,745.0,358.1,393.0,33.7,100
2026-06-29T14:00,687.0,354.8,352.0,33.7,100
2026-06-29T15:00,633.0,361.1,327.0,30.7,100
2026-06-29T16:00,300.0,127.3,211.0,29.4,99
2026-06-29T17:00,231.0,149.1,155.0,28.3,100
2026-06-29T18:00,93.0,30.8,84.0,28.3,99
2026-06-29T19:00,22.0,17.9,20.0,28.6,99
2026-06-29T20:00,0.0,0.0,0.0,28.7,100
2026-06-29T21:00,0.0,0.0,0.0,28.5,100
2026-06-29T22:00,0.0,0.0,0.0,28.3,100
2026-06-29T23:00,0.0,0.0,0.0,27.8,98
2026-06-30T00:00,0.0,0.0,0.0,27.6,100
2026-06-30T01:00,0.0,0.0,0.0,27.4,100
2026-06-30T02:00,0.0,0.0,0.0,27.1,100
2026-06-30T03:00,0.0,0.0,0.0,26.9,100
2026-06-30T04:00,0.0,0.0,0.0,26.7,100
2026-06-30T05:00,0.0,0.0,0.0,26.5,99
2026-06-30T06:00,0.0,0.0,0.0,26.4,100
2026-06-30T07:00,53.0,62.3,44.0,27.3,100
2026-06-30T08:00,179.0,98.7,144.0,28.6,99
2026-06-30T09:00,348.0,236.7,214.0,30.1,100
2026-06-30T10:00,566.0,418.6,254.0,31.4,100
2026-06-30T11:00,759.0,563.6,263.0,32.6,99
2026-06-30T12:00,866.0,639.8,251.0,34.0,100
2026-06-30T13:00,789.0,454.6,342.0,33.2,100
2026-06-30T14:00,661.0,410.8,273.0,32.1,100
2026-06-30T15:00,540.0,293.7,291.0,31.4,100
2026-06-30T16:00,434.0,367.3,177.0,31.3,100
2026-06-30T17:00,316.0,321.4,152.0,31.1,100
2026-06-30T18:00,135.0,153.9,90.0,30.5,100
2026-06-30T19:00,24.0,35.7,20.0,27.5,96
2026-06-30T20:00,0.0,0.0,0.0,27.3,98
2026-06-30T21:00,0.0,0.0,0.0,27.1,96
2026-06-30T22:00,0.0,0.0,0.0,27.2,98
2026-06-30T23:00,0.0,0.0,0.0,27.2,100
2026-07-01T00:00,0.0,0.0,0.0,27.4,100
2026-07-01T01:00,0.0,0.0,0.0,28.0,100
2026-07-01T02:00,0.0,0.0,0.0,28.2,100
2026-07-01T03:00,0.0,0.0,0.0,28.1,100
2026-07-01T04:00,0.0,0.0,0.0,27.8,100
2026-07-01T05:00,0.0,0.0,0.0,27.8,100
2026-07-01T06:00,0.0,0.0,0.0,27.7,100
2026-07-01T07:00,26.0,0.0,26.0,28.3,73
2026-07-01T08:00,199.0,254.3,109.0,29.7,90
2026-07-01T09:00,398.0,417.4,162.0,31.1,92
2026-07-01T10:00,585.0,549.1,176.0,32.1,97
2026-07-01T11:00,802.0,733.1,157.0,32.3,98
2026-07-01T12:00,709.0,445.3,281.0,31.1,99
2026-07-01T13:00,635.0,340.7,300.0,33.0,89
2026-07-01T14:00,654.0,410.6,266.0,32.9,94
2026-07-01T15:00,729.0,651.9,176.0,32.4,100
2026-07-01T16:00,376.0,252.7,199.0,31.4,100
2026-07-01T17:00,294.0,279.9,151.0,31.4,99
2026-07-01T18:00,122.0,119.5,87.0,27.3,100
2026-07-01T19:00,15.0,26.7,12.0,29.3,100
2026-07-01T20:00,0.0,0.0,0.0,29.4,100
2026-07-01T21:00,0.0,0.0,0.0,28.8,100
2026-07-01T22:00,0.0,0.0,0.0,28.4,98
2026-07-01T23:00,0.0,0.0,0.0,28.3,98
2026-07-02T00:00,0.0,0.0,0.0,28.1,100
2026-07-02T01:00,0.0,0.0,0.0,27.3,100
2026-07-02T02:00,0.0,0.0,0.0,27.0,100
2026-07-02T03:00,0.0,0.0,0.0,26.7,100
2026-07-02T04:00,0.0,0.0,0.0,26.4,100
2026-07-02T05:00,0.0,0.0,0.0,26.2,100
2026-07-02T06:00,0.0,0.0,0.0,26.2,100
2026-07-02T07:00,25.0,0.0,25.0,26.6,100
2026-07-02T08:00,181.0,144.4,130.0,28.5,98
2026-07-02T09:00,373.0,304.5,201.0,30.1,97
2026-07-02T10:00,610.0,544.0,205.0,31.7,100
2026-07-02T11:00,565.0,212.6,378.0,31.7,100
2026-07-02T12:00,526.0,131.1,400.0,31.4,100
2026-07-02T13:00,410.0,42.7,368.0,33.6,100
2026-07-02T14:00,417.0,84.6,337.0,32.4,100
2026-07-02T15:00,391.0,162.6,253.0,30.2,100
2026-07-02T16:00,310.0,159.8,198.0,27.0,99
2026-07-02T17:00,157.0,74.3,119.0,27.2,84
2026-07-02T18:00,88.0,54.5,72.0,27.3,98
2026-07-02T19:00,21.0,35.5,17.0,27.4,100
2026-07-02T20:00,0.0,0.0,0.0,27.4,100
2026-07-02T21:00,0.0,0.0,0.0,27.4,100
2026-07-02T22:00,0.0,0.0,0.0,27.4,99
2026-07-02T23:00,0.0,0.0,0.0,27.2,98
2026-07-03T00:00,0.0,0.0,0.0,27.2,100
2026-07-03T01:00,0.0,0.0,0.0,27.0,100
2026-07-03T02:00,0.0,0.0,0.0,26.8,100
2026-07-03T03:00,0.0,0.0,0.0,26.7,100
2026-07-03T04:00,0.0,0.0,0.0,26.5,99
2026-07-03T05:00,0.0,0.0,0.0,26.4,100
2026-07-03T06:00,0.0,0.0,0.0,26.5,98
2026-07-03T07:00,48.0,90.8,35.0,27.4,52
2026-07-03T08:00,261.0,476.8,93.0,29.2,100
2026-07-03T09:00,413.0,402.3,186.0,29.4,100
2026-07-03T10:00,547.0,405.9,245.0,30.0,100
2026-07-03T11:00,633.0,388.9,291.0,30.5,100
2026-07-03T12:00,577.0,202.9,382.0,28.6,99
2026-07-03T13:00,407.0,133.2,276.0,30.2,70
2026-07-03T14:00,720.0,475.9,270.0,31.6,88
2026-07-03T15:00,573.0,327.3,295.0,32.3,98
2026-07-03T16:00,429.0,246.7,256.0,31.9,99
2026-07-03T17:00,225.0,62.5,193.0,30.9,98
2026-07-03T18:00,158.0,173.5,107.0,29.9,99
2026-07-03T19:00,24.0,35.4,20.0,28.0,84
2026-07-03T20:00,0.0,0.0,0.0,28.0,96
2026-07-03T21:00,0.0,0.0,0.0,28.2,100
2026-07-03T22:00,0.0,0.0,0.0,28.5,100
2026-07-03T23:00,0.0,0.0,0.0,28.6,100
2026-07-04T00:00,0.0,0.0,0.0,27.9,100
2026-07-04T01:00,0.0,0.0,0.0,27.5,100
2026-07-04T02:00,0.0,0.0,0.0,27.1,100
2026-07-04T03:00,0.0,0.0,0.0,27.0,100
2026-07-04T04:00,0.0,0.0,0.0,26.1,100
2026-07-04T05:00,0.0,0.0,0.0,26.3,100
2026-07-04T06:00,0.0,0.0,0.0,26.1,100
2026-07-04T07:00,23.0,21.0,20.0,26.2,100
2026-07-04T08:00,70.0,0.0,70.0,26.3,100
2026-07-04T09:00,97.0,0.0,97.0,26.9,100
2026-07-04T10:00,135.0,2.7,133.0,27.5,100
2026-07-04T11:00,221.0,18.2,205.0,28.2,100
2026-07-04T12:00,282.0,66.6,218.0,27.6,100
2026-07-04T13:00,238.0,5.1,233.0,28.0,100
2026-07-04T14:00,176.0,2.1,174.0,28.0,100
2026-07-04T15:00,155.0,7.1,149.0,28.2,100
2026-07-04T16:00,113.0,0.0,113.0,28.2,100
2026-07-04T17:00,126.0,25.4,113.0,28.3,100
2026-07-04T18:00,90.0,23.8,83.0,28.2,99
2026-07-04T19:00,24.0,17.7,22.0,28.0,98
2026-07-04T20:00,0.0,0.0,0.0,27.8,98
2026-07-04T21:00,0.0,0.0,0.0,27.9,99
2026-07-04T22:00,0.0,0.0,0.0,27.9,100
2026-07-04T23:00,0.0,0.0,0.0,27.8,98
2026-07-05T00:00,0.0,0.0,0.0,27.8,78
2026-07-05T01:00,0.0,0.0,0.0,27.6,95
2026-07-05T02:00,0.0,0.0,0.0,27.4,100
2026-07-05T03:00,0.0,0.0,0.0,26.9,100
2026-07-05T04:00,0.0,0.0,0.0,26.2,100
2026-07-05T05:00,0.0,0.0,0.0,25.9,98
2026-07-05T06:00,0.0,0.0,0.0,25.8,100
2026-07-05T07:00,13.0,0.0,13.0,27.2,100
2026-07-05T08:00,67.0,0.0,67.0,27.6,100
2026-07-05T09:00,119.0,8.9,114.0,28.5,100
2026-07-05T10:00,457.0,200.4,308.0,30.1,100
2026-07-05T11:00,503.0,147.9,373.0,30.3,100
2026-07-05T12:00,350.0,35.4,316.0,30.0,100
2026-07-05T13:00,408.0,55.9,353.0,31.3,91
2026-07-05T14:00,690.0,378.2,332.0,31.6,95
2026-07-05T15:00,572.0,330.5,291.0,31.5,91
2026-07-05T16:00,345.0,206.4,200.0,30.1,81
2026-07-05T17:00,281.0,274.9,140.0,30.2,87
2026-07-05T18:00,112.0,145.9,69.0,28.6,98
2026-07-05T19:00,18.0,17.7,16.0,28.3,98
2026-07-05T20:00,0.0,0.0,0.0,27.1,81
2026-07-05T21:00,0.0,0.0,0.0,27.4,84
2026-07-05T22:00,0.0,0.0,0.0,27.7,88
2026-07-05T23:00,0.0,0.0,0.0,28.0,98
2026-07-06T00:00,0.0,0.0,0.0,28.2,96
2026-07-06T01:00,0.0,0.0,0.0,26.7,97
2026-07-06T02:00,0.0,0.0,0.0,26.3,100
2026-07-06T03:00,0.0,0.0,0.0,26.6,98
2026-07-06T04:00,0.0,0.0,0.0,26.6,100
2026-07-06T05:00,0.0,0.0,0.0,26.7,100
2026-07-06T06:00,0.0,0.0,0.0,26.6,100
2026-07-06T07:00,20.0,0.0,20.0,27.7,99
2026-07-06T08:00,119.0,42.9,104.0,26.3,99
2026-07-06T09:00,79.0,19.6,68.0,26.5,100
2026-07-06T10:00,132.0,4.0,129.0,27.4,100
2026-07-06T11:00,254.0,62.6,199.0,28.7,100
2026-07-06T12:00,266.0,8.3,258.0,29.3,100
2026-07-06T13:00,361.0,45.7,316.0,30.3,98
2026-07-06T14:00,485.0,192.2,303.0,30.8,98
2026-07-06T15:00,463.0,154.0,332.0,30.8,96
2026-07-06T16:00,455.0,287.3,253.0,31.0,99
2026-07-06T17:00,194.0,60.4,163.0,30.3,98
2026-07-06T18:00,149.0,149.1,105.0,30.1,100
2026-07-06T19:00,15.0,0.0,15.0,29.8,97
2026-07-06T20:00,0.0,0.0,0.0,29.8,99
2026-07-06T21:00,0.0,0.0,0.0,29.8,97
2026-07-06T22:00,0.0,0.0,0.0,29.4,98
2026-07-06T23:00,0.0,0.0,0.0,28.9,88
2026-07-07T00:00,0.0,0.0,0.0,28.8,88
2026-07-07T01:00,0.0,0.0,0.0,28.4,99
2026-07-07T02:00,0.0,0.0,0.0,28.2,100
2026-07-07T03:00,0.0,0.0,0.0,28.0,99
2026-07-07T04:00,0.0,0.0,0.0,27.8,100
2026-07-07T05:00,0.0,0.0,0.0,27.6,100
2026-07-07T06:00,0.0,0.0,0.0,27.3,92
2026-07-07T07:00,51.0,120.3,34.0,28.3,98
2026-07-07T08:00,227.0,303.7,121.0,29.6,96
2026-07-07T09:00,416.0,436.0,171.0,30.7,99
2026-07-07T10:00,561.0,398.6,265.0,31.3,85
2026-07-07T11:00,759.0,598.4,233.0,32.1,49
2026-07-07T12:00,884.0,749.8,163.0,32.8,91
2026-07-07T13:00,862.0,663.0,209.0,33.3,83
2026-07-07T14:00,741.0,541.5,228.0,29.1,97
2026-07-07T15:00,364.0,168.0,221.0,27.9,100
2026-07-07T16:00,178.0,0.0,178.0,28.2,96
2026-07-07T17:00,185.0,40.9,164.0,29.3,100
2026-07-07T18:00,62.0,10.2,59.0,29.1,100
2026-07-07T19:00,14.0,0.0,14.0,27.0,100
2026-07-07T20:00,0.0,0.0,0.0,26.4,100
2026-07-07T21:00,0.0,0.0,0.0,26.7,100
2026-07-07T22:00,0.0,0.0,0.0,27.4,98
2026-07-07T23:00,0.0,0.0,0.0,27.9,98
2026-07-08T00:00,0.0,0.0,0.0,28.0,98
2026-07-08T01:00,0.0,0.0,0.0,27.9,100
2026-07-08T02:00,0.0,0.0,0.0,27.3,100
2026-07-08T03:00,0.0,0.0,0.0,27.0,100
2026-07-08T04:00,0.0,0.0,0.0,27.1,100
2026-07-08T05:00,0.0,0.0,0.0,27.2,100
2026-07-08T06:00,0.0,0.0,0.0,27.2,98
2026-07-08T07:00,27.0,0.0,27.0,28.3,92
2026-07-08T08:00,138.0,123.5,95.0,29.1,55
2026-07-08T09:00,330.0,311.8,155.0,30.7,51
2026-07-08T10:00,644.0,649.3,162.0,31.6,13
2026-07-08T11:00,740.0,672.4,149.0,32.3,46
2026-07-08T12:00,775.0,606.2,192.0,32.6,45
2026-07-08T13:00,863.0,641.4,231.0,33.1,20
2026-07-08T14:00,823.0,652.0,205.0,33.9,62
2026-07-08T15:00,574.0,450.8,190.0,32.3,66
2026-07-08T16:00,490.0,437.4,182.0,32.2,62
2026-07-08T17:00,374.0,499.6,117.0,31.7,86
2026-07-08T18:00,155.0,243.3,83.0,31.5,96
2026-07-08T19:00,29.0,105.4,17.0,30.1,100
2026-07-08T20:00,0.0,0.0,0.0,28.1,23
2026-07-08T21:00,0.0,0.0,0.0,27.6,97
2026-07-08T22:00,0.0,0.0,0.0,28.2,98
2026-07-08T23:00,0.0,0.0,0.0,27.9,64
2026-07-09T00:00,0.0,0.0,0.0,27.6,33
2026-07-09T01:00,0.0,0.0,0.0,26.7,61
2026-07-09T02:00,0.0,0.0,0.0,26.3,54
2026-07-09T03:00,0.0,0.0,0.0,26.2,83
2026-07-09T04:00,0.0,0.0,0.0,26.2,97
2026-07-09T05:00,0.0,0.0,0.0,26.6,50
2026-07-09T06:00,0.0,0.0,0.0,26.6,20
2026-07-09T07:00,64.0,220.7,33.0,27.6,83
2026-07-09T08:00,163.0,201.5,93.0,28.8,65
2026-07-09T09:00,432.0,552.8,122.0,30.3,64
2026-07-09T10:00,569.0,529.6,176.0,31.0,49
2026-07-09T11:00,572.0,319.7,291.0,31.4,51
2026-07-09T12:00,717.0,452.2,282.0,32.0,93
2026-07-09T13:00,549.0,224.2,328.0,32.6,68
2026-07-09T14:00,750.0,596.9,184.0,32.7,70
2026-07-09T15:00,651.0,522.0,206.0,32.5,51
2026-07-09T16:00,469.0,449.9,152.0,30.4,47
2026-07-09T17:00,381.0,514.7,116.0,30.4,72
2026-07-09T18:00,152.0,219.4,87.0,29.9,60
2026-07-09T19:00,32.0,105.3,20.0,29.0,42
2026-07-09T20:00,0.0,0.0,0.0,28.5,66
2026-07-09T21:00,0.0,0.0,0.0,28.7,98
2026-07-09T22:00,0.0,0.0,0.0,28.3,100
2026-07-09T23:00,0.0,0.0,0.0,27.7,93
2026-07-10T00:00,0.0,0.0,0.0,27.4,100
2026-07-10T01:00,0.0,0.0,0.0,27.6,98
2026-07-10T02:00,0.0,0.0,0.0,27.3,63
2026-07-10T03:00,0.0,0.0,0.0,27.0,63
2026-07-10T04:00,0.0,0.0,0.0,26.9,34
2026-07-10T05:00,0.0,0.0,0.0,26.9,91
2026-07-10T06:00,0.0,0.0,0.0,26.8,100
2026-07-10T07:00,30.0,28.6,26.0,28.0,13
2026-07-10T08:00,228.0,409.7,86.0,29.4,39
2026-07-10T09:00,481.0,646.2,119.0,30.6,74
2026-07-10T10:00,627.0,590.5,189.0,31.2,88
2026-07-10T11:00,671.0,463.1,264.0,31.9,99
2026-07-10T12:00,494.0,149.7,350.0,32.1,82
2026-07-10T13:00,690.0,400.6,295.0,33.1,97
2026-07-10T14:00,557.0,292.0,280.0,32.9,88
2026-07-10T15:00,550.0,338.8,261.0,32.4,68
2026-07-10T16:00,562.0,573.0,158.0,32.7,16
2026-07-10T17:00,399.0,589.9,95.0,33.0,78
2026-07-10T18:00,138.0,226.0,71.0,31.8,77
2026-07-10T19:00,33.0,114.0,20.0,30.0,86
2026-07-10T20:00,0.0,0.0,0.0,29.8,58
2026-07-10T21:00,0.0,0.0,0.0,29.0,100
2026-07-10T22:00,0.0,0.0,0.0,29.0,100
2026-07-10T23:00,0.0,0.0,0.0,28.8,95
2026-07-11T00:00,0.0,0.0,0.0,28.4,100
2026-07-11T01:00,0.0,0.0,0.0,28.4,100
2026-07-11T02:00,0.0,0.0,0.0,28.2,100
2026-07-11T03:00,0.0,0.0,0.0,27.9,98
2026-07-11T04:00,0.0,0.0,0.0,27.6,99
2026-07-11T05:00,0.0,0.0,0.0,27.4,100
2026-07-11T06:00,0.0,0.0,0.0,27.4,100
2026-07-11T07:00,30.0,28.7,26.0,28.1,96
2026-07-11T08:00,204.0,211.1,131.0,29.3,100
2026-07-11T09:00,384.0,318.1,206.0,30.5,99
2026-07-11T10:00,533.0,366.9,261.0,31.3,98
2026-07-11T11:00,725.0,557.6,235.0,32.4,95
2026-07-11T12:00,816.0,601.7,237.0,32.6,95
2026-07-11T13:00,587.0,308.2,283.0,33.3,93
2026-07-11T14:00,514.0,208.6,316.0,32.8,93
2026-07-11T15:00,396.0,96.1,314.0,32.4,97
2026-07-11T16:00,375.0,187.1,243.0,32.3,94
2026-07-11T17:00,275.0,263.7,139.0,32.1,91
2026-07-11T18:00,141.0,225.8,74.0,30.6,99
2026-07-11T19:00,15.0,0.0,15.0,29.3,98
2026-07-11T20:00,0.0,0.0,0.0,29.0,100
2026-07-11T21:00,0.0,0.0,0.0,28.5,99
2026-07-11T22:00,0.0,0.0,0.0,28.1,81
2026-07-11T23:00,0.0,0.0,0.0,28.0,57
2026-07-12T00:00,0.0,0.0,0.0,27.9,88
2026-07-12T01:00,0.0,0.0,0.0,27.9,100
2026-07-12T02:00,0.0,0.0,0.0,27.7,96
2026-07-12T03:00,0.0,0.0,0.0,27.8,99
2026-07-12T04:00,0.0,0.0,0.0,28.0,99
2026-07-12T05:00,0.0,0.0,0.0,27.7,100
2026-07-12T06:00,0.0,0.0,0.0,27.4,100
2026-07-12T07:00,41.0,28.8,37.0,28.7,100
2026-07-12T08:00,101.0,26.1,92.0,28.1,100
2026-07-12T09:00,94.0,5.4,91.0,27.6,100
2026-07-12T10:00,420.0,192.9,277.0,29.4,100
2026-07-12T11:00,387.0,91.0,307.0,29.0,100
2026-07-12T12:00,447.0,115.3,336.0,29.1,100
2026-07-12T13:00,619.0,168.2,453.0,31.7,100
2026-07-12T14:00,366.0,26.3,341.0,29.3,100
2026-07-12T15:00,334.0,49.2,292.0,28.6,100
2026-07-12T16:00,145.0,0.0,145.0,27.3,100
2026-07-12T17:00,173.0,40.7,152.0,27.4,100
2026-07-12T18:00,117.0,94.3,89.0,27.4,100
2026-07-12T19:00,8.0,0.0,8.0,28.2,100
2026-07-12T20:00,0.0,0.0,0.0,27.8,100
2026-07-12T21:00,0.0,0.0,0.0,27.5,100
2026-07-12T22:00,0.0,0.0,0.0,27.4,99
2026-07-12T23:00,0.0,0.0,0.0,27.2,97
2026-07-13T00:00,0.0,0.0,0.0,26.8,100
2026-07-13T01:00,0.0,0.0,0.0,27.1,96
2026-07-13T02:00,0.0,0.0,0.0,26.7,100
2026-07-13T03:00,0.0,0.0,0.0,26.7,100
2026-07-13T04:00,0.0,0.0,0.0,26.5,99
2026-07-13T05:00,0.0,0.0,0.0,26.3,98
2026-07-13T06:00,0.0,0.0,0.0,26.1,98
2026-07-13T07:00,37.0,93.7,24.0,26.6,100
2026-07-13T08:00,84.0,32.0,73.0,27.6,100
2026-07-13T09:00,134.0,7.2,130.0,28.4,100
2026-07-13T10:00,356.0,122.8,265.0,29.1,99
2026-07-13T11:00,498.0,231.0,295.0,29.0,100
2026-07-13T12:00,176.0,0.0,176.0,27.3,100
2026-07-13T13:00,313.0,18.2,295.0,27.7,100
2026-07-13T14:00,272.0,24.2,249.0,28.4,99
2026-07-13T15:00,578.0,310.1,313.0,30.3,100
2026-07-13T16:00,298.0,80.7,241.0,29.8,100
2026-07-13T17:00,143.0,42.6,121.0,28.9,99
2026-07-13T18:00,95.0,67.3,75.0,26.5,100
2026-07-13T19:00,7.0,0.0,7.0,29.0,100
2026-07-13T20:00,0.0,0.0,0.0,28.3,100
2026-07-13T21:00,0.0,0.0,0.0,27.9,100
2026-07-13T22:00,0.0,0.0,0.0,27.4,99
2026-07-13T23:00,0.0,0.0,0.0,27.4,99
2026-07-14T00:00,0.0,0.0,0.0,27.3,100
2026-07-14T01:00,0.0,0.0,0.0,27.7,92
2026-07-14T02:00,0.0,0.0,0.0,27.5,100
2026-07-14T03:00,0.0,0.0,0.0,27.5,100
2026-07-14T04:00,0.0,0.0,0.0,27.4,89
2026-07-14T05:00,0.0,0.0,0.0,27.1,80
2026-07-14T06:00,0.0,0.0,0.0,27.0,100
2026-07-14T07:00,27.0,0.0,27.0,28.0,100
2026-07-14T08:00,57.0,0.0,57.0,28.5,100
2026-07-14T09:00,129.0,12.5,122.0,28.7,71
2026-07-14T10:00,430.0,336.2,181.0,30.2,65
2026-07-14T11:00,644.0,465.4,235.0,29.6,89
2026-07-14T12:00,651.0,362.4,302.0,30.4,93
2026-07-14T13:00,596.0,320.0,280.0,32.1,83
2026-07-14T14:00,667.0,375.6,310.0,31.7,91
2026-07-14T15:00,537.0,332.2,253.0,31.5,88
2026-07-14T16:00,516.0,420.1,219.0,32.0,84
2026-07-14T17:00,344.0,346.4,165.0,29.5,63
2026-07-14T18:00,157.0,262.5,79.0,29.2,57
2026-07-14T19:00,27.0,78.7,18.0,29.3,75
2026-07-14T20:00,0.0,0.0,0.0,28.7,95
2026-07-14T21:00,0.0,0.0,0.0,28.6,96
2026-07-14T22:00,0.0,0.0,0.0,28.6,81
2026-07-14T23:00,0.0,0.0,0.0,28.3,88
2026-07-15T00:00,0.0,0.0,0.0,28.0,72
2026-07-15T01:00,0.0,0.0,0.0,27.3,100
2026-07-15T02:00,0.0,0.0,0.0,27.2,100
2026-07-15T03:00,0.0,0.0,0.0,27.1,99
2026-07-15T04:00,0.0,0.0,0.0,26.8,93
2026-07-15T05:00,0.0,0.0,0.0,26.9,99
2026-07-15T06:00,0.0,0.0,0.0,27.0,76
2026-07-15T07:00,53.0,130.6,35.0,28.3,34
2026-07-15T08:00,252.0,501.9,80.0,29.8,72
2026-07-15T09:00,449.0,600.8,114.0,30.0,91
2026-07-15T10:00,441.0,266.1,244.0,30.5,86
2026-07-15T11:00,714.0,614.5,174.0,31.9,67
2026-07-15T12:00,840.0,637.5,226.0,30.6,98
2026-07-15T13:00,483.0,176.1,309.0,32.6,91
2026-07-15T14:00,746.0,511.0,260.0,32.4,96
2026-07-15T15:00,671.0,509.7,235.0,30.4,98
2026-07-15T16:00,415.0,279.9,217.0,30.7,99
2026-07-15T17:00,350.0,371.4,158.0,30.9,100
2026-07-15T18:00,176.0,255.7,100.0,30.1,99
2026-07-15T19:00,30.0,70.0,22.0,30.0,85
2026-07-15T20:00,0.0,0.0,0.0,29.4,100
2026-07-15T21:00,0.0,0.0,0.0,29.2,100
2026-07-15T22:00,0.0,0.0,0.0,28.4,100
2026-07-15T23:00,0.0,0.0,0.0,27.8,100
2026-07-16T00:00,0.0,0.0,0.0,27.8,100
2026-07-16T01:00,0.0,0.0,0.0,28.0,100
2026-07-16T02:00,0.0,0.0,0.0,27.7,100
2026-07-16T03:00,0.0,0.0,0.0,27.4,100
2026-07-16T04:00,0.0,0.0,0.0,27.3,100
2026-07-16T05:00,0.0,0.0,0.0,27.2,100
2026-07-16T06:00,0.0,0.0,0.0,26.9,99
2026-07-16T07:00,25.0,21.8,22.0,27.5,100
2026-07-16T08:00,73.0,0.0,73.0,28.1,95
2026-07-16T09:00,252.0,132.8,178.0,27.6,75
2026-07-16T10:00,424.0,405.3,124.0,28.5,50
2026-07-16T11:00,756.0,663.4,173.0,30.6,70
2026-07-16T12:00,812.0,595.8,238.0,31.6,81
2026-07-16T13:00,764.0,550.5,220.0,33.5,99
2026-07-16T14:00,657.0,273.3,397.0,32.9,98
2026-07-16T15:00,447.0,163.6,307.0,31.3,99
2026-07-16T16:00,221.0,41.0,192.0,30.1,100
2026-07-16T17:00,100.0,1.9,99.0,29.7,98
2026-07-16T18:00,102.0,87.5,76.0,29.4,99
2026-07-16T19:00,25.0,17.5,23.0,26.4,100
2026-07-16T20:00,0.0,0.0,0.0,26.5,100
2026-07-16T21:00,0.0,0.0,0.0,26.7,100
2026-07-16T22:00,0.0,0.0,0.0,26.7,97
2026-07-16T23:00,0.0,0.0,0.0,26.8,100
2026-07-17T00:00,0.0,0.0,0.0,27.1,100
2026-07-17T01:00,0.0,0.0,0.0,27.0,100
2026-07-17T02:00,0.0,0.0,0.0,26.8,100
2026-07-17T03:00,0.0,0.0,0.0,26.8,100
2026-07-17T04:00,0.0,0.0,0.0,26.5,100
2026-07-17T05:00,0.0,0.0,0.0,26.5,100
2026-07-17T06:00,0.0,0.0,0.0,26.6,100
2026-07-17T07:00,16.0,0.0,16.0,27.6,100
2026-07-17T08:00,84.0,5.9,82.0,28.1,100
2026-07-17T09:00,171.0,18.0,161.0,28.9,100
2026-07-17T10:00,155.0,0.0,155.0,28.5,100
2026-07-17T11:00,289.0,12.5,278.0,29.1,100
2026-07-17T12:00,357.0,11.4,346.0,29.4,100
2026-07-17T13:00,338.0,8.1,330.0,30.3,97
2026-07-17T14:00,578.0,230.1,359.0,31.8,100
2026-07-17T15:00,285.0,39.7,251.0,25.9,100
2026-07-17T16:00,299.0,107.3,223.0,26.5,100
2026-07-17T17:00,90.0,11.6,84.0,26.8,98
2026-07-17T18:00,84.0,13.5,80.0,27.4,99
2026-07-17T19:00,19.0,8.8,18.0,27.9,99
2026-07-17T20:00,0.0,0.0,0.0,27.8,99
2026-07-17T21:00,0.0,0.0,0.0,27.7,100
2026-07-17T22:00,0.0,0.0,0.0,27.7,100
2026-07-17T23:00,0.0,0.0,0.0,27.9,100
2026-07-18T00:00,0.0,0.0,0.0,27.9,100
2026-07-18T01:00,0.0,0.0,0.0,27.6,100
2026-07-18T02:00,0.0,0.0,0.0,27.1,100
2026-07-18T03:00,0.0,0.0,0.0,26.8,100
2026-07-18T04:00,0.0,0.0,0.0,26.3,100
2026-07-18T05:00,0.0,0.0,0.0,25.9,100
2026-07-18T06:00,0.0,0.0,0.0,25.5,100
2026-07-18T07:00,33.0,0.0,33.0,26.5,96
2026-07-18T08:00,180.0,135.1,134.0,27.8,91
2026-07-18T09:00,396.0,327.2,214.0,29.8,98
2026-07-18T10:00,688.0,773.0,116.0,31.5,99
2026-07-18T11:00,848.0,835.0,114.0,32.9,100
2026-07-18T12:00,911.0,788.4,151.0,33.6,100
2026-07-18T13:00,797.0,624.9,179.0,34.9,20
2026-07-18T14:00,854.0,720.3,168.0,34.6,20
2026-07-18T15:00,697.0,600.0,183.0,34.0,39
2026-07-18T16:00,610.0,696.0,117.0,32.5,53
2026-07-18T17:00,419.0,616.5,100.0,31.6,7
2026-07-18T18:00,201.0,451.0,67.0,30.7,19
2026-07-18T19:00,36.0,157.7,18.0,30.4,48
2026-07-18T20:00,0.0,0.0,0.0,29.8,74
2026-07-18T21:00,0.0,0.0,0.0,29.5,32
2026-07-18T22:00,0.0,0.0,0.0,29.4,29
2026-07-18T23:00,0.0,0.0,0.0,29.1,47
2026-07-19T00:00,0.0,0.0,0.0,28.7,73
2026-07-19T01:00,0.0,0.0,0.0,28.1,34
2026-07-19T02:00,0.0,0.0,0.0,27.5,9
2026-07-19T03:00,0.0,0.0,0.0,27.1,25
2026-07-19T04:00,0.0,0.0,0.0,26.7,41
2026-07-19T05:00,0.0,0.0,0.0,26.1,22
2026-07-19T06:00,0.0,0.0,0.0,25.7,17
2026-07-19T07:00,65.0,278.9,27.0,26.6,4
2026-07-19T08:00,272.0,606.1,66.0,28.5,0
2026-07-19T09:00,498.0,744.7,84.0,30.5,0
2026-07-19T10:00,700.0,815.0,97.0,32.0,2
2026-07-19T11:00,855.0,854.3,104.0,33.6,41
2026-07-19T12:00,888.0,765.4,150.0,34.0,38
2026-07-19T13:00,885.0,721.7,171.0,34.4,46
2026-07-19T14:00,871.0,736.8,169.0,33.8,37
2026-07-19T15:00,786.0,754.9,139.0,33.6,65
2026-07-19T16:00,632.0,731.1,114.0,33.3,36
2026-07-19T17:00,420.0,631.9,93.0,32.8,60
2026-07-19T18:00,190.0,404.2,70.0,31.6,63
2026-07-19T19:00,37.0,175.4,17.0,31.2,81
2026-07-19T20:00,0.0,0.0,0.0,30.0,82
2026-07-19T21:00,0.0,0.0,0.0,29.6,96
2026-07-19T22:00,0.0,0.0,0.0,28.4,99
2026-07-19T23:00,0.0,0.0,0.0,28.1,83
2026-07-20T00:00,0.0,0.0,0.0,27.9,90
2026-07-20T01:00,0.0,0.0,0.0,27.9,91
2026-07-20T02:00,0.0,0.0,0.0,26.9,75
2026-07-20T03:00,0.0,0.0,0.0,26.3,70
2026-07-20T04:00,0.0,0.0,0.0,25.8,63
2026-07-20T05:00,0.0,0.0,0.0,25.4,16
2026-07-20T06:00,0.0,0.0,0.0,25.1,24
2026-07-20T07:00,66.0,301.7,25.0,26.2,19
2026-07-20T08:00,273.0,607.2,67.0,28.5,32
2026-07-20T09:00,495.0,719.9,95.0,30.7,37
2026-07-20T10:00,701.0,813.7,99.0,32.5,28
2026-07-20T11:00,857.0,856.4,104.0,33.9,61
2026-07-20T12:00,942.0,854.3,118.0,34.9,80
2026-07-20T13:00,917.0,769.9,155.0,35.0,88
2026-07-20T14:00,874.0,731.2,177.0,35.0,98
2026-07-20T15:00,775.0,745.3,136.0,35.0,98
2026-07-20T16:00,654.0,753.4,120.0,34.8,99
2026-07-20T17:00,426.0,618.3,106.0,33.7,98
2026-07-20T18:00,206.0,424.7,80.0,32.5,47
2026-07-20T19:00,37.0,166.9,18.0,31.7,51
2026-07-20T20:00,0.0,0.0,0.0,30.7,46
2026-07-20T21:00,0.0,0.0,0.0,30.3,45
2026-07-20T22:00,0.0,0.0,0.0,30.0,5
2026-07-20T23:00,0.0,0.0,0.0,29.9,30
2026-07-21T00:00,0.0,0.0,0.0,29.5,27
2026-07-21T01:00,0.0,0.0,0.0,28.4,93
2026-07-21T02:00,0.0,0.0,0.0,27.5,98
2026-07-21T03:00,0.0,0.0,0.0,27.3,96
2026-07-21T04:00,0.0,0.0,0.0,27.2,91
2026-07-21T05:00,0.0,0.0,0.0,27.2,97
2026-07-21T06:00,0.0,0.0,0.0,26.9,73
2026-07-21T07:00,38.0,95.9,25.0,27.8,19
2026-07-21T08:00,251.0,534.4,70.0,29.8,20
2026-07-21T09:00,472.0,671.7,99.0,31.6,33
2026-07-21T10:00,680.0,769.2,111.0,32.9,39
2026-07-21T11:00,826.0,800.5,122.0,34.1,84
2026-07-21T12:00,811.0,644.7,189.0,34.5,83
2026-07-21T13:00,950.0,797.9,160.0,35.6,97
2026-07-21T14:00,884.0,757.1,162.0,35.8,98
2026-07-21T15:00,660.0,437.2,285.0,34.7,99
2026-07-21T16:00,347.0,125.5,258.0,29.5,100
2026-07-21T17:00,238.0,85.0,194.0,29.3,99
2026-07-21T18:00,88.0,50.6,73.0,29.4,85
2026-07-21T19:00,33.0,96.8,22.0,31.4,98
2026-07-21T20:00,0.0,0.0,0.0,31.0,99
2026-07-21T21:00,0.0,0.0,0.0,30.8,100
2026-07-21T22:00,0.0,0.0,0.0,30.5,98
2026-07-21T23:00,0.0,0.0,0.0,29.3,94
2026-07-22T00:00,0.0,0.0,0.0,29.1,59
2026-07-22T01:00,0.0,0.0,0.0,29.4,74
2026-07-22T02:00,0.0,0.0,0.0,28.8,88
2026-07-22T03:00,0.0,0.0,0.0,28.6,73
2026-07-22T04:00,0.0,0.0,0.0,28.1,95
2026-07-22T05:00,0.0,0.0,0.0,27.7,96
2026-07-22T06:00,0.0,0.0,0.0,27.7,98
2026-07-22T07:00,35.0,22.2,32.0,28.0,99
2026-07-22T08:00,160.0,124.2,118.0,28.6,98
2026-07-22T09:00,379.0,320.7,201.0,31.0,97
2026-07-22T10:00,536.0,413.7,230.0,32.5,91
2026-07-22T11:00,698.0,483.2,273.0,33.9,76
2026-07-22T12:00,900.0,746.0,180.0,35.0,74
2026-07-22T13:00,823.0,571.4,257.0,34.7,98
2026-07-22T14:00,669.0,310.3,373.0,33.8,95
2026-07-22T15:00,668.0,526.8,216.0,32.9,88
2026-07-22T16:00,427.0,291.9,220.0,33.3,77
2026-07-22T17:00,300.0,288.0,151.0,26.8,100
2026-07-22T18:00,57.0,10.1,54.0,26.9,98
2026-07-22T19:00,18.0,26.4,15.0,28.3,100
2026-07-22T20:00,0.0,0.0,0.0,26.8,100
2026-07-22T21:00,0.0,0.0,0.0,26.5,100
2026-07-22T22:00,0.0,0.0,0.0,26.3,100
2026-07-22T23:00,0.0,0.0,0.0,26.5,99
2026-07-23T00:00,0.0,0.0,0.0,26.0,99
2026-07-23T01:00,0.0,0.0,0.0,26.1,93
2026-07-23T02:00,0.0,0.0,0.0,25.7,96
2026-07-23T03:00,0.0,0.0,0.0,26.0,100
2026-07-23T04:00,0.0,0.0,0.0,26.1,99
2026-07-23T05:00,0.0,0.0,0.0,25.9,99
2026-07-23T06:00,0.0,0.0,0.0,25.8,100
2026-07-23T07:00,33.0,22.2,30.0,27.7,100
2026-07-23T08:00,177.0,198.5,110.0,28.9,100
2026-07-23T09:00,198.0,64.9,162.0,29.3,98
2026-07-23T10:00,350.0,152.8,237.0,30.3,88
2026-07-23T11:00,680.0,476.2,261.0,31.9,70
2026-07-23T12:00,756.0,502.3,271.0,32.5,72
2026-07-23T13:00,854.0,569.2,290.0,26.7,99
2026-07-23T14:00,364.0,92.2,276.0,27.4,100
2026-07-23T15:00,285.0,30.3,259.0,27.9,100
2026-07-23T16:00,440.0,201.6,297.0,29.8,97
2026-07-23T17:00,318.0,208.8,210.0,29.9,97
2026-07-23T18:00,161.0,175.9,109.0,29.3,95
2026-07-23T19:00,31.0,70.7,23.0,29.0,98
2026-07-23T20:00,0.0,0.0,0.0,28.6,95
2026-07-23T21:00,0.0,0.0,0.0,28.5,84
2026-07-23T22:00,0.0,0.0,0.0,28.2,88
2026-07-23T23:00,0.0,0.0,0.0,27.7,98
2026-07-24T00:00,0.0,0.0,0.0,27.4,93
2026-07-24T01:00,0.0,0.0,0.0,27.8,100
2026-07-24T02:00,0.0,0.0,0.0,27.3,62
2026-07-24T03:00,0.0,0.0,0.0,26.9,72
2026-07-24T04:00,0.0,0.0,0.0,26.5,100
2026-07-24T05:00,0.0,0.0,0.0,26.5,100
2026-07-24T06:00,0.0,0.0,0.0,26.6,100
2026-07-24T07:00,27.0,44.6,21.0,27.2,97
2026-07-24T08:00,143.0,124.6,101.0,28.5,100
2026-07-24T09:00,193.0,55.9,162.0,29.4,98
2026-07-24T10:00,326.0,97.3,254.0,30.5,36
2026-07-24T11:00,787.0,705.7,166.0,32.8,39
2026-07-24T12:00,907.0,781.7,152.0,34.1,18
2026-07-24T13:00,915.0,792.9,129.0,35.1,23
2026-07-24T14:00,882.0,774.1,143.0,33.8,43
2026-07-24T15:00,687.0,584.7,185.0,32.5,70
2026-07-24T16:00,442.0,335.6,204.0,27.5,93
2026-07-24T17:00,285.0,241.7,160.0,29.5,100
2026-07-24T18:00,108.0,71.2,87.0,28.8,95
2026-07-24T19:00,20.0,70.9,12.0,29.0,98
2026-07-24T20:00,0.0,0.0,0.0,28.2,100
2026-07-24T21:00,0.0,0.0,0.0,28.1,94
2026-07-24T22:00,0.0,0.0,0.0,27.8,92
2026-07-24T23:00,0.0,0.0,0.0,27.7,100
2026-07-25T00:00,0.0,0.0,0.0,27.4,100
2026-07-25T01:00,0.0,0.0,0.0,27.4,98
2026-07-25T02:00,0.0,0.0,0.0,27.3,100
2026-07-25T03:00,0.0,0.0,0.0,27.1,100
2026-07-25T04:00,0.0,0.0,0.0,26.9,100
2026-07-25T05:00,0.0,0.0,0.0,26.7,94
2026-07-25T06:00,0.0,0.0,0.0,26.3,98
2026-07-25T07:00,40.0,52.1,33.0,27.1,95
2026-07-25T08:00,230.0,371.5,105.0,28.8,98
2026-07-25T09:00,422.0,436.6,180.0,30.2,99
2026-07-25T10:00,595.0,489.3,233.0,31.6,97
2026-07-25T11:00,761.0,624.8,211.0,32.9,99
2026-07-25T12:00,786.0,527.8,276.0,33.7,97
2026-07-25T13:00,700.0,400.3,303.0,35.2,98
2026-07-25T14:00,884.0,717.2,199.0,32.7,97
2026-07-25T15:00,528.0,310.9,261.0,32.3,82
2026-07-25T16:00,332.0,166.4,214.0,32.2,76
2026-07-25T17:00,227.0,183.8,132.0,29.6,88
2026-07-25T18:00,130.0,200.3,71.0,29.1,95
2026-07-25T19:00,21.0,35.5,17.0,28.4,77
2026-07-25T20:00,0.0,0.0,0.0,28.5,100
2026-07-25T21:00,0.0,0.0,0.0,28.6,97
2026-07-25T22:00,0.0,0.0,0.0,28.5,92
2026-07-25T23:00,0.0,0.0,0.0,28.2,98
2026-07-26T00:00,0.0,0.0,0.0,27.7,89
2026-07-26T01:00,0.0,0.0,0.0,27.1,99
2026-07-26T02:00,0.0,0.0,0.0,27.1,100
2026-07-26T03:00,0.0,0.0,0.0,26.8,100
2026-07-26T04:00,0.0,0.0,0.0,26.3,90
2026-07-26T05:00,0.0,0.0,0.0,26.1,87
2026-07-26T06:00,0.0,0.0,0.0,26.2,100
2026-07-26T07:00,33.0,14.9,31.0,27.1,84
2026-07-26T08:00,228.0,386.9,98.0,28.4,99
2026-07-26T09:00,409.0,389.8,193.0,29.9,97
2026-07-26T10:00,646.0,647.5,167.0,31.3,99
2026-07-26T11:00,756.0,567.9,256.0,32.2,99
2026-07-26T12:00,851.0,636.3,236.0,33.0,95
2026-07-26T13:00,893.0,701.5,197.0,33.3,100
2026-07-26T14:00,785.0,488.8,318.0,33.7,100
2026-07-26T15:00,637.0,355.1,332.0,33.9,100
2026-07-26T16:00,402.0,205.8,256.0,27.4,100
2026-07-26T17:00,159.0,21.3,148.0,28.2,100
2026-07-26T18:00,94.0,30.6,85.0,29.8,100
2026-07-26T19:00,18.0,53.4,12.0,29.4,98
2026-07-26T20:00,0.0,0.0,0.0,29.2,100
2026-07-26T21:00,0.0,0.0,0.0,28.9,85
2026-07-26T22:00,0.0,0.0,0.0,28.1,79
2026-07-26T23:00,0.0,0.0,0.0,27.7,71
2026-07-27T00:00,0.0,0.0,0.0,27.3,96
2026-07-27T01:00,0.0,0.0,0.0,27.5,83
2026-07-27T02:00,0.0,0.0,0.0,27.1,96
2026-07-27T03:00,0.0,0.0,0.0,26.7,99
2026-07-27T04:00,0.0,0.0,0.0,26.3,95
2026-07-27T05:00,0.0,0.0,0.0,25.9,98
2026-07-27T06:00,0.0,0.0,0.0,25.9,82
2026-07-27T07:00,50.0,134.6,32.0,26.9,55
2026-07-27T08:00,253.0,539.5,72.0,28.8,52
2026-07-27T09:00,433.0,548.8,129.0,30.1,85
2026-07-27T10:00,573.0,502.8,201.0,31.0,59
2026-07-27T11:00,765.0,698.3,150.0,31.9,51
2026-07-27T12:00,879.0,738.4,165.0,32.5,80
2026-07-27T13:00,891.0,687.2,209.0,33.9,61
2026-07-27T14:00,842.0,693.7,179.0,31.7,97
2026-07-27T15:00,527.0,247.9,314.0,28.1,99
2026-07-27T16:00,334.0,98.7,264.0,26.9,100
2026-07-27T17:00,134.0,7.7,130.0,27.2,98
2026-07-27T18:00,99.0,34.1,89.0,27.5,100
2026-07-27T19:00,16.0,17.9,14.0,27.1,100
2026-07-27T20:00,0.0,0.0,0.0,27.5,100
2026-07-27T21:00,0.0,0.0,0.0,27.7,100
2026-07-27T22:00,0.0,0.0,0.0,27.4,92
2026-07-27T23:00,0.0,0.0,0.0,27.0,100
2026-07-28T00:00,0.0,0.0,0.0,26.9,100
2026-07-28T01:00,0.0,0.0,0.0,27.1,100
2026-07-28T02:00,0.0,0.0,0.0,26.8,100
2026-07-28T03:00,0.0,0.0,0.0,26.7,100
2026-07-28T04:00,0.0,0.0,0.0,26.6,100
2026-07-28T05:00,0.0,0.0,0.0,26.5,99
2026-07-28T06:00,0.0,0.0,0.0,26.3,100
2026-07-28T07:00,23.0,22.5,20.0,27.5,100
2026-07-28T08:00,84.0,41.8,70.0,26.7,100
2026-07-28T09:00,163.0,47.0,137.0,26.8,97
2026-07-28T10:00,347.0,135.1,247.0,28.9,99
2026-07-28T11:00,403.0,121.5,296.0,29.8,98
2026-07-28T12:00,510.0,124.1,390.0,30.5,100
2026-07-28T13:00,678.0,255.8,424.0,30.6,100
2026-07-28T14:00,358.0,36.6,323.0,30.5,100
2026-07-28T15:00,462.0,151.3,332.0,29.0,100
2026-07-28T16:00,334.0,142.4,233.0,30.3,99
2026-07-28T17:00,312.0,242.3,187.0,30.6,99
2026-07-28T18:00,145.0,164.0,97.0,28.8,100
2026-07-28T19:00,8.0,0.0,8.0,28.1,100
2026-07-28T20:00,0.0,0.0,0.0,27.8,100
2026-07-28T21:00,0.0,0.0,0.0,27.8,100
2026-07-28T22:00,0.0,0.0,0.0,28.0,100
2026-07-28T23:00,0.0,0.0,0.0,27.0,100
2026-07-29T00:00,0.0,0.0,0.0,25.6,100
2026-07-29T01:00,0.0,0.0,0.0,26.7,100
2026-07-29T02:00,0.0,0.0,0.0,26.3,100
2026-07-29T03:00,0.0,0.0,0.0,26.3,100
2026-07-29T04:00,0.0,0.0,0.0,26.2,100
2026-07-29T05:00,0.0,0.0,0.0,26.1,100
2026-07-29T06:00,0.0,0.0,0.0,26.1,100
2026-07-29T07:00,10.0,0.0,10.0,27.3,100
2026-07-29T08:00,100.0,6.0,98.0,28.0,100
2026-07-29T09:00,163.0,10.8,157.0,28.4,98
2026-07-29T10:00,435.0,204.0,284.0,27.7,100
2026-07-29T11:00,177.0,0.0,177.0,27.1,100
2026-07-29T12:00,383.0,41.3,343.0,28.6,98
2026-07-29T13:00,657.0,290.0,369.0,32.6,100
2026-07-29T14:00,571.0,108.8,467.0,31.8,100
2026-07-29T15:00,349.0,139.6,229.0,26.9,100
2026-07-29T16:00,153.0,15.5,142.0,26.9,99
2026-07-29T17:00,139.0,21.3,128.0,26.8,100
2026-07-29T18:00,72.0,0.0,72.0,26.0,100
2026-07-29T19:00,7.0,0.0,7.0,27.6,100
2026-07-29T20:00,0.0,0.0,0.0,27.7,100
2026-07-29T21:00,0.0,0.0,0.0,27.8,100
2026-07-29T22:00,0.0,0.0,0.0,27.8,100
2026-07-29T23:00,0.0,0.0,0.0,27.6,100
2026-07-30T00:00,0.0,0.0,0.0,27.1,100
2026-07-30T01:00,0.0,0.0,0.0,26.9,100
2026-07-30T02:00,0.0,0.0,0.0,25.8,100
2026-07-30T03:00,0.0,0.0,0.0,25.5,100
2026-07-30T04:00,0.0,0.0,0.0,25.4,100
2026-07-30T05:00,0.0,0.0,0.0,25.3,100
2026-07-30T06:00,0.0,0.0,0.0,25.2,100
2026-07-30T07:00,17.0,15.0,15.0,27.4,87
2026-07-30T08:00,202.0,263.3,114.0,28.6,96
2026-07-30T09:00,334.0,256.6,192.0,29.6,90
2026-07-30T10:00,515.0,320.2,278.0,30.3,91
2026-07-30T11:00,668.0,516.1,213.0,30.9,100
2026-07-30T12:00,687.0,306.8,390.0,29.2,100
2026-07-30T13:00,297.0,27.2,270.0,30.6,92
2026-07-30T14:00,575.0,313.6,275.0,30.4,100
2026-07-30T15:00,526.0,218.7,338.0,28.8,100
2026-07-30T16:00,283.0,98.7,213.0,26.7,100
2026-07-30T17:00,81.0,21.4,70.0,26.5,100
2026-07-30T18:00,102.0,27.5,94.0,26.8,100
2026-07-30T19:00,19.0,9.0,18.0,27.6,100
2026-07-30T20:00,0.0,0.0,0.0,27.5,100
2026-07-30T21:00,0.0,0.0,0.0,27.0,100
2026-07-30T22:00,0.0,0.0,0.0,26.6,100
2026-07-30T23:00,0.0,0.0,0.0,26.6,100
2026-07-31T00:00,0.0,0.0,0.0,26.7,100
2026-07-31T01:00,0.0,0.0,0.0,25.0,100
2026-07-31T02:00,0.0,0.0,0.0,25.1,100
2026-07-31T03:00,0.0,0.0,0.0,24.8,100
2026-07-31T04:00,0.0,0.0,0.0,24.5,100
2026-07-31T05:00,0.0,0.0,0.0,24.6,100
2026-07-31T06:00,0.0,0.0,0.0,25.1,100
2026-07-31T07:00,9.0,0.0,9.0,26.0,100
2026-07-31T08:00,138.0,36.0,126.0,26.7,100
2026-07-31T09:00,301.0,124.7,232.0,27.9,100
2026-07-31T10:00,346.0,55.4,305.0,28.7,100
2026-07-31T11:00,363.0,65.8,305.0,29.2,98
2026-07-31T12:00,682.0,296.4,395.0,30.4,99
2026-07-31T13:00,844.0,486.0,361.0,28.9,100
2026-07-31T14:00,518.0,153.6,371.0,27.2,100
2026-07-31T15:00,502.0,232.7,302.0,28.4,99
2026-07-31T16:00,397.0,197.6,257.0,28.6,99
2026-07-31T17:00,161.0,56.4,132.0,26.5,100
2026-07-31T18:00,63.0,0.0,63.0,26.4,99
2026-07-31T19:00,17.0,9.1,16.0,26.5,100
2026-07-31T20:00,0.0,0.0,0.0,26.6,100
2026-07-31T21:00,0.0,0.0,0.0,26.4,100
2026-07-31T22:00,0.0,0.0,0.0,26.1,100
2026-07-31T23:00,0.0,0.0,0.0,26.0,100
2026-08-01T00:00,0.0,0.0,0.0,26.0,100
2026-08-01T01:00,0.0,0.0,0.0,26.2,100
2026-08-01T02:00,0.0,0.0,0.0,26.0,100
2026-08-01T03:00,0.0,0.0,0.0,25.6,100
2026-08-01T04:00,0.0,0.0,0.0,25.1,100
2026-08-01T05:00,0.0,0.0,0.0,25.0,100
2026-08-01T06:00,0.0,0.0,0.0,25.1,100
2026-08-01T07:00,36.0,68.0,27.0,26.3,100
2026-08-01T08:00,146.0,114.0,108.0,27.5,100
2026-08-01T09:00,392.0,403.1,169.0,29.4,95
2026-08-01T10:00,596.0,541.6,195.0,30.5,96
2026-08-01T11:00,812.0,723.3,174.0,31.5,91
2026-08-01T12:00,877.0,666.9,231.0,32.1,84
2026-08-01T13:00,876.0,611.5,268.0,32.7,98
2026-08-01T14:00,777.0,525.6,274.0,30.4,99
2026-08-01T15:00,491.0,209.4,311.0,29.8,99
2026-08-01T16:00,484.0,296.4,274.0,30.5,100
2026-08-01T17:00,260.0,110.9,203.0,27.6,100
2026-08-01T18:00,71.0,13.8,67.0,27.2,98
2026-08-01T19:00,22.0,54.7,16.0,28.6,99
2026-08-01T20:00,0.0,0.0,0.0,27.5,100
2026-08-01T21:00,0.0,0.0,0.0,27.7,98
2026-08-01T22:00,0.0,0.0,0.0,27.5,98
2026-08-01T23:00,0.0,0.0,0.0,27.3,100
2026-08-02T00:00,0.0,0.0,0.0,27.3,100
2026-08-02T01:00,0.0,0.0,0.0,27.2,99
2026-08-02T02:00,0.0,0.0,0.0,26.7,100
2026-08-02T03:00,0.0,0.0,0.0,26.5,98
2026-08-02T04:00,0.0,0.0,0.0,26.3,100
2026-08-02T05:00,0.0,0.0,0.0,26.2,99
2026-08-02T06:00,0.0,0.0,0.0,26.0,98
2026-08-02T07:00,49.0,121.1,33.0,27.2,74
2026-08-02T08:00,222.0,408.5,86.0,28.8,88
2026-08-02T09:00,314.0,188.0,210.0,29.8,90
2026-08-02T10:00,442.0,313.3,210.0,30.2,80
2026-08-02T11:00,680.0,550.8,194.0,31.0,95
2026-08-02T12:00,751.0,466.4,299.0,31.4,96
2026-08-02T13:00,748.0,440.4,310.0,31.0,98
2026-08-02T14:00,681.0,357.3,339.0,30.3,96
2026-08-02T15:00,547.0,231.5,348.0,30.4,96
2026-08-02T16:00,431.0,234.4,265.0,27.2,100
2026-08-02T17:00,103.0,40.9,82.0,26.4,100
2026-08-02T18:00,66.0,6.9,64.0,26.8,100
2026-08-02T19:00,12.0,0.0,12.0,28.6,95
2026-08-02T20:00,0.0,0.0,0.0,28.7,95
2026-08-02T21:00,0.0,0.0,0.0,28.7,97
2026-08-02T22:00,0.0,0.0,0.0,28.7,99
2026-08-02T23:00,0.0,0.0,0.0,28.7,91
2026-08-03T00:00,0.0,0.0,0.0,27.9,95
2026-08-03T01:00,0.0,0.0,0.0,27.3,98
2026-08-03T02:00,0.0,0.0,0.0,26.9,95
2026-08-03T03:00,0.0,0.0,0.0,26.6,92
2026-08-03T04:00,0.0,0.0,0.0,26.3,95
2026-08-03T05:00,0.0,0.0,0.0,26.0,73
2026-08-03T06:00,0.0,0.0,0.0,26.0,89
2026-08-03T07:00,50.0,136.4,32.0,27.1,98
2026-08-03T08:00,217.0,312.7,113.0,28.6,93
2026-08-03T09:00,467.0,602.1,134.0,30.2,99
2026-08-03T10:00,682.0,731.8,140.0,31.3,98
2026-08-03T11:00,832.0,780.6,143.0,32.1,100
2026-08-03T12:00,924.0,795.4,153.0,32.2,100
2026-08-03T13:00,868.0,705.6,166.0,32.4,100
2026-08-03T14:00,863.0,689.4,203.0,32.1,100
2026-08-03T15:00,787.0,741.1,150.0,31.9,78
2026-08-03T16:00,634.0,750.2,103.0,31.8,40
2026-08-03T17:00,431.0,665.1,90.0,31.4,88
2026-08-03T18:00,203.0,448.7,74.0,30.4,91
2026-08-03T19:00,27.0,82.9,18.0,30.1,95
2026-08-03T20:00,0.0,0.0,0.0,29.7,99
2026-08-03T21:00,0.0,0.0,0.0,29.6,98
2026-08-03T22:00,0.0,0.0,0.0,29.2,98
2026-08-03T23:00,0.0,0.0,0.0,29.1,98
2026-08-04T00:00,0.0,0.0,0.0,29.0,63
2026-08-04T01:00,0.0,0.0,0.0,27.9,96
2026-08-04T02:00,0.0,0.0,0.0,27.7,98
2026-08-04T03:00,0.0,0.0,0.0,27.5,100
2026-08-04T04:00,0.0,0.0,0.0,27.0,96
2026-08-04T05:00,0.0,0.0,0.0,26.7,94
2026-08-04T06:00,0.0,0.0,0.0,26.5,89
2026-08-04T07:00,49.0,136.6,31.0,27.6,98
2026-08-04T08:00,224.0,340.1,111.0,28.9,100
2026-08-04T09:00,314.0,244.1,179.0,29.9,100
2026-08-04T10:00,496.0,303.7,271.0,31.1,98
2026-08-04T11:00,731.0,569.7,228.0,31.9,80
2026-08-04T12:00,843.0,643.5,219.0,32.2,94
2026-08-04T13:00,740.0,426.1,316.0,32.6,90
2026-08-04T14:00,709.0,472.0,257.0,32.5,87
2026-08-04T15:00,545.0,314.2,275.0,31.9,99
2026-08-04T16:00,426.0,248.8,250.0,30.8,95
2026-08-04T17:00,336.0,398.4,132.0,29.4,92
2026-08-04T18:00,126.0,171.1,77.0,28.2,90
2026-08-04T19:00,22.0,64.8,15.0,27.5,99
2026-08-04T20:00,0.0,0.0,0.0,27.5,100
2026-08-04T21:00,0.0,0.0,0.0,27.6,100
2026-08-04T22:00,0.0,0.0,0.0,27.6,100
2026-08-04T23:00,0.0,0.0,0.0,28.0,100
2026-08-05T00:00,0.0,0.0,0.0,28.0,88
2026-08-05T01:00,0.0,0.0,0.0,27.8,97
2026-08-05T02:00,0.0,0.0,0.0,27.6,96
2026-08-05T03:00,0.0,0.0,0.0,27.6,99
2026-08-05T04:00,0.0,0.0,0.0,26.9,100
2026-08-05T05:00,0.0,0.0,0.0,26.7,98
2026-08-05T06:00,0.0,0.0,0.0,27.3,99
2026-08-05T07:00,40.0,68.4,31.0,29.0,97
2026-08-05T08:00,155.0,138.6,109.0,29.4,98
2026-08-05T09:00,258.0,79.6,214.0,30.4,100
2026-08-05T10:00,379.0,129.6,283.0,30.9,100
2026-08-05T11:00,379.0,84.9,304.0,30.3,99
2026-08-05T12:00,508.0,177.3,336.0,29.9,98
2026-08-05T13:00,704.0,353.6,352.0,31.5,98
2026-08-05T14:00,545.0,226.6,328.0,31.6,99
2026-08-05T15:00,547.0,275.8,310.0,30.7,93
2026-08-05T16:00,481.0,328.1,249.0,29.9,76
2026-08-05T17:00,350.0,395.1,148.0,26.8,91
2026-08-05T18:00,89.0,56.1,73.0,27.1,82
2026-08-05T19:00,22.0,55.9,16.0,27.3,100
2026-08-05T20:00,0.0,0.0,0.0,27.3,100
2026-08-05T21:00,0.0,0.0,0.0,27.7,99
2026-08-05T22:00,0.0,0.0,0.0,27.8,100
2026-08-05T23:00,0.0,0.0,0.0,27.7,100
2026-08-06T00:00,0.0,0.0,0.0,27.4,100
2026-08-06T01:00,0.0,0.0,0.0,27.5,100
2026-08-06T02:00,0.0,0.0,0.0,27.3,100
2026-08-06T03:00,0.0,0.0,0.0,27.1,100
2026-08-06T04:00,0.0,0.0,0.0,27.0,100
2026-08-06T05:00,0.0,0.0,0.0,27.2,100
2026-08-06T06:00,0.0,0.0,0.0,27.3,100
2026-08-06T07:00,11.0,0.0,11.0,27.9,100
2026-08-06T08:00,77.0,6.0,75.0,28.4,100
2026-08-06T09:00,252.0,151.9,168.0,29.6,98
2026-08-06T10:00,369.0,118.7,281.0,29.9,98
2026-08-06T11:00,533.0,227.5,332.0,30.5,92
2026-08-06T12:00,734.0,402.9,343.0,31.0,93
2026-08-06T13:00,707.0,399.7,309.0,31.0,89
2026-08-06T14:00,671.0,357.1,329.0,31.0,96
2026-08-06T15:00,564.0,287.5,317.0,30.7,98
2026-08-06T16:00,435.0,209.5,287.0,30.5,97
2026-08-06T17:00,317.0,219.4,205.0,30.6,87
2026-08-06T18:00,163.0,221.7,100.0,29.7,93
2026-08-06T19:00,25.0,65.6,18.0,28.1,98
2026-08-06T20:00,0.0,0.0,0.0,27.5,94
2026-08-06T21:00,0.0,0.0,0.0,27.3,100
2026-08-06T22:00,0.0,0.0,0.0,27.3,100
2026-08-06T23:00,0.0,0.0,0.0,27.6,100
2026-08-07T00:00,0.0,0.0,0.0,27.8,100
2026-08-07T01:00,0.0,0.0,0.0,27.8,100
2026-08-07T02:00,0.0,0.0,0.0,28.0,100
2026-08-07T03:00,0.0,0.0,0.0,27.9,100
2026-08-07T04:00,0.0,0.0,0.0,27.4,100
2026-08-07T05:00,0.0,0.0,0.0,27.3,100
2026-08-07T06:00,0.0,0.0,0.0,27.5,100
2026-08-07T07:00,26.0,45.8,20.0,28.0,84
2026-08-07T08:00,124.0,117.7,85.0,28.2,70
2026-08-07T09:00,346.0,325.6,166.0,29.2,65
2026-08-07T10:00,563.0,466.7,217.0,30.4,95
2026-08-07T11:00,626.0,340.6,325.0,30.6,100
2026-08-07T12:00,434.0,96.8,340.0,29.1,100
2026-08-07T13:00,371.0,30.1,341.0,30.2,100
2026-08-07T14:00,374.0,74.1,303.0,30.4,100
2026-08-07T15:00,433.0,101.3,346.0,30.7,100
2026-08-07T16:00,128.0,0.0,128.0,29.5,98
2026-08-07T17:00,286.0,188.4,190.0,29.7,100
2026-08-07T18:00,53.0,0.0,53.0,28.8,100
2026-08-07T19:00,13.0,0.0,13.0,27.9,91
2026-08-07T20:00,0.0,0.0,0.0,27.3,98
2026-08-07T21:00,0.0,0.0,0.0,27.6,99
2026-08-07T22:00,0.0,0.0,0.0,27.7,100
2026-08-07T23:00,0.0,0.0,0.0,27.9,98
2026-08-08T00:00,0.0,0.0,0.0,27.8,100
2026-08-08T01:00,0.0,0.0,0.0,28.0,98
2026-08-08T02:00,0.0,0.0,0.0,27.9,98
2026-08-08T03:00,0.0,0.0,0.0,27.7,97
2026-08-08T04:00,0.0,0.0,0.0,27.6,98
2026-08-08T05:00,0.0,0.0,0.0,27.6,85
2026-08-08T06:00,0.0,0.0,0.0,27.4,97
2026-08-08T07:00,28.0,53.5,21.0,28.3,95
2026-08-08T08:00,164.0,126.9,122.0,29.6,100
2026-08-08T09:00,270.0,104.9,212.0,30.2,100
2026-08-08T10:00,343.0,90.4,276.0,30.6,100
2026-08-08T11:00,532.0,256.8,305.0,31.4,100
2026-08-08T12:00,711.0,340.9,380.0,32.1,100
2026-08-08T13:00,626.0,168.7,458.0,31.3,88
2026-08-08T14:00,711.0,422.8,306.0,30.9,96
2026-08-08T15:00,420.0,102.5,332.0,28.4,99
2026-08-08T16:00,237.0,60.9,194.0,27.0,100
2026-08-08T17:00,132.0,27.5,118.0,27.0,98
2026-08-08T18:00,83.0,42.6,71.0,26.4,100
2026-08-08T19:00,4.0,0.0,4.0,27.8,100
2026-08-08T20:00,0.0,0.0,0.0,27.5,100
2026-08-08T21:00,0.0,0.0,0.0,27.6,100
2026-08-08T22:00,0.0,0.0,0.0,27.9,100
2026-08-08T23:00,0.0,0.0,0.0,28.0,100
2026-08-09T00:00,0.0,0.0,0.0,27.6,100
2026-08-09T01:00,0.0,0.0,0.0,27.7,100
2026-08-09T02:00,0.0,0.0,0.0,27.4,100
2026-08-09T03:00,0.0,0.0,0.0,27.2,100
2026-08-09T04:00,0.0,0.0,0.0,27.0,100
2026-08-09T05:00,0.0,0.0,0.0,26.9,100
2026-08-09T06:00,0.0,0.0,0.0,26.8,100
2026-08-09T07:00,19.0,0.0,19.0,28.0,99
2026-08-09T08:00,82.0,21.2,75.0,28.3,100
2026-08-09T09:00,192.0,66.9,155.0,28.8,100
2026-08-09T10:00,337.0,129.4,241.0,29.8,99
2026-08-09T11:00,436.0,140.2,312.0,30.4,100
2026-08-09T12:00,247.0,22.7,225.0,29.6,100
2026-08-09T13:00,349.0,51.2,298.0,28.8,100
2026-08-09T14:00,310.0,26.1,285.0,28.8,99
2026-08-09T15:00,283.0,24.5,262.0,29.6,100
2026-08-09T16:00,178.0,7.1,173.0,29.4,100
2026-08-09T17:00,118.0,0.0,118.0,28.4,100
2026-08-09T18:00,57.0,10.7,54.0,27.9,100
2026-08-09T19:00,10.0,0.0,10.0,29.0,100
2026-08-09T20:00,0.0,0.0,0.0,28.7,99
2026-08-09T21:00,0.0,0.0,0.0,27.2,100
2026-08-09T22:00,0.0,0.0,0.0,27.6,100
2026-08-09T23:00,0.0,0.0,0.0,28.0,87
2026-08-10T00:00,0.0,0.0,0.0,28.0,100
2026-08-10T01:00,0.0,0.0,0.0,27.8,100
2026-08-10T02:00,0.0,0.0,0.0,27.2,99
2026-08-10T03:00,0.0,0.0,0.0,27.0,90
2026-08-10T04:00,0.0,0.0,0.0,26.9,100
2026-08-10T05:00,0.0,0.0,0.0,27.1,98
2026-08-10T06:00,0.0,0.0,0.0,27.2,98
2026-08-10T07:00,33.0,38.3,28.0,28.3,98
2026-08-10T08:00,217.0,338.8,105.0,29.5,98
2026-08-10T09:00,389.0,352.7,194.0,30.2,98
2026-08-10T10:00,488.0,316.8,253.0,30.7,98
2026-08-10T11:00,583.0,279.2,336.0,31.5,98
2026-08-10T12:00,717.0,393.2,335.0,32.4,99
2026-08-10T13:00,623.0,201.7,422.0,29.9,100
2026-08-10T14:00,488.0,193.2,303.0,29.5,98
2026-08-10T15:00,245.0,55.9,197.0,28.5,99
2026-08-10T16:00,173.0,4.3,170.0,28.2,99
2026-08-10T17:00,208.0,55.3,180.0,28.6,100
2026-08-10T18:00,42.0,0.0,42.0,27.5,100
2026-08-10T19:00,5.0,0.0,5.0,28.8,99
2026-08-10T20:00,0.0,0.0,0.0,28.3,100
2026-08-10T21:00,0.0,0.0,0.0,28.1,100
2026-08-10T22:00,0.0,0.0,0.0,27.9,98
2026-08-10T23:00,0.0,0.0,0.0,27.1,100
2026-08-11T00:00,0.0,0.0,0.0,26.6,100
2026-08-11T01:00,0.0,0.0,0.0,26.7,100
2026-08-11T02:00,0.0,0.0,0.0,26.7,100
2026-08-11T03:00,0.0,0.0,0.0,26.8,99
2026-08-11T04:00,0.0,0.0,0.0,27.0,98
2026-08-11T05:00,0.0,0.0,0.0,27.1,98
2026-08-11T06:00,0.0,0.0,0.0,26.8,99
2026-08-11T07:00,34.0,15.3,32.0,27.6,99
2026-08-11T08:00,118.0,99.9,85.0,28.4,98
2026-08-11T09:00,215.0,86.8,167.0,29.0,100
2026-08-11T10:00,212.0,55.2,171.0,29.0,100
2026-08-11T11:00,317.0,57.6,266.0,29.4,100
2026-08-11T12:00,263.0,44.3,220.0,29.2,100
2026-08-11T13:00,320.0,50.2,270.0,31.3,100
2026-08-11T14:00,295.0,15.7,280.0,30.4,100
2026-08-11T15:00,277.0,44.3,239.0,29.0,100
2026-08-11T16:00,208.0,14.2,198.0,28.0,90
2026-08-11T17:00,337.0,350.1,160.0,29.4,94
2026-08-11T18:00,105.0,82.9,82.0,29.2,100
2026-08-11T19:00,6.0,0.0,6.0,29.1,94
2026-08-11T20:00,0.0,0.0,0.0,28.6,99
2026-08-11T21:00,0.0,0.0,0.0,28.4,97
2026-08-11T22:00,0.0,0.0,0.0,27.9,98
2026-08-11T23:00,0.0,0.0,0.0,27.4,100
2026-08-12T00:00,0.0,0.0,0.0,27.2,100
2026-08-12T01:00,0.0,0.0,0.0,27.8,100
2026-08-12T02:00,0.0,0.0,0.0,27.5,100
2026-08-12T03:00,0.0,0.0,0.0,27.4,100
2026-08-12T04:00,0.0,0.0,0.0,27.2,100
2026-08-12T05:00,0.0,0.0,0.0,27.1,100
2026-08-12T06:00,0.0,0.0,0.0,27.0,100
2026-08-12T07:00,13.0,0.0,13.0,28.1,100
2026-08-12T08:00,123.0,93.9,92.0,28.5,97
2026-08-12T09:00,305.0,193.5,198.0,29.4,98
2026-08-12T10:00,555.0,420.3,243.0,30.1,98
2026-08-12T11:00,733.0,524.1,269.0,31.2,97
2026-08-12T12:00,716.0,448.6,280.0,31.6,100
2026-08-12T13:00,604.0,282.9,322.0,32.7,100
2026-08-12T14:00,361.0,124.3,242.0,26.6,98
2026-08-12T15:00,555.0,400.1,212.0,29.2,98
2026-08-12T16:00,252.0,91.1,188.0,28.8,90
2026-08-12T17:00,308.0,321.1,146.0,29.4,99
2026-08-12T18:00,157.0,199.4,102.0,29.0,94
2026-08-12T19:00,22.0,39.1,18.0,28.2,99
2026-08-12T20:00,0.0,0.0,0.0,28.4,88
2026-08-12T21:00,0.0,0.0,0.0,28.1,74
2026-08-12T22:00,0.0,0.0,0.0,27.9,70
2026-08-12T23:00,0.0,0.0,0.0,27.6,88
2026-08-13T00:00,0.0,0.0,0.0,27.3,100
2026-08-13T01:00,0.0,0.0,0.0,27.5,53
2026-08-13T02:00,0.0,0.0,0.0,27.0,74
2026-08-13T03:00,0.0,0.0,0.0,26.6,98
2026-08-13T04:00,0.0,0.0,0.0,26.4,100
2026-08-13T05:00,0.0,0.0,0.0,26.4,96
2026-08-13T06:00,0.0,0.0,0.0,26.4,97
2026-08-13T07:00,42.0,99.8,29.0,27.2,98
2026-08-13T08:00,249.0,506.0,82.0,28.8,94
2026-08-13T09:00,442.0,578.6,122.0,30.1,98
2026-08-13T10:00,502.0,385.1,216.0,30.5,98
2026-08-13T11:00,672.0,498.0,231.0,31.5,100
2026-08-13T12:00,665.0,337.4,337.0,31.9,99
2026-08-13T13:00,481.0,169.6,312.0,32.2,100
2026-08-13T14:00,511.0,199.5,320.0,31.8,98
2026-08-13T15:00,305.0,70.0,245.0,31.3,100
2026-08-13T16:00,185.0,12.8,176.0,30.2,100
2026-08-13T17:00,234.0,103.3,182.0,29.9,73
2026-08-13T18:00,170.0,331.8,79.0,29.2,57
2026-08-13T19:00,24.0,98.6,14.0,29.1,98
2026-08-13T20:00,0.0,0.0,0.0,28.5,99
2026-08-13T21:00,0.0,0.0,0.0,28.0,97
2026-08-13T22:00,0.0,0.0,0.0,27.7,100
2026-08-13T23:00,0.0,0.0,0.0,27.5,97
2026-08-14T00:00,0.0,0.0,0.0,27.1,92
2026-08-14T01:00,0.0,0.0,0.0,27.6,99
2026-08-14T02:00,0.0,0.0,0.0,26.8,80
2026-08-14T03:00,0.0,0.0,0.0,26.4,68
2026-08-14T04:00,0.0,0.0,0.0,26.1,100
2026-08-14T05:00,0.0,0.0,0.0,26.2,100
2026-08-14T06:00,0.0,0.0,0.0,26.5,100
2026-08-14T07:00,19.0,0.0,19.0,27.3,100
2026-08-14T08:00,72.0,6.1,70.0,27.5,98
2026-08-14T09:00,294.0,231.4,166.0,28.8,96
2026-08-14T10:00,547.0,430.8,227.0,30.6,70
2026-08-14T11:00,731.0,592.7,206.0,31.9,66
2026-08-14T12:00,885.0,710.6,194.0,33.2,83
2026-08-14T13:00,884.0,668.2,218.0,33.5,100
2026-08-14T14:00,551.0,258.1,304.0,32.6,100
2026-08-14T15:00,548.0,372.5,229.0,29.8,100
2026-08-14T16:00,382.0,251.1,206.0,28.3,100
2026-08-14T17:00,204.0,67.7,170.0,28.2,96
2026-08-14T18:00,120.0,84.4,97.0,27.8,100
2026-08-14T19:00,13.0,10.0,12.0,29.4,98
2026-08-14T20:00,0.0,0.0,0.0,29.0,78
2026-08-14T21:00,0.0,0.0,0.0,28.6,100
2026-08-14T22:00,0.0,0.0,0.0,28.2,100
2026-08-14T23:00,0.0,0.0,0.0,27.9,86
2026-08-15T00:00,0.0,0.0,0.0,27.6,58
2026-08-15T01:00,0.0,0.0,0.0,28.1,69
2026-08-15T02:00,0.0,0.0,0.0,27.6,97
2026-08-15T03:00,0.0,0.0,0.0,27.6,98
2026-08-15T04:00,0.0,0.0,0.0,27.6,94
2026-08-15T05:00,0.0,0.0,0.0,27.4,88
2026-08-15T06:00,0.0,0.0,0.0,27.0,90
2026-08-15T07:00,50.0,184.5,26.0,28.6,89
2026-08-15T08:00,224.0,385.1,97.0,29.4,98
2026-08-15T09:00,398.0,441.0,154.0,29.8,95
2026-08-15T10:00,542.0,417.2,232.0,30.8,96
2026-08-15T11:00,591.0,241.5,377.0,31.3,98
2026-08-15T12:00,598.0,184.0,419.0,31.9,100
2026-08-15T13:00,695.0,275.9,420.0,33.4,99
2026-08-15T14:00,648.0,252.9,406.0,33.5,99
2026-08-15T15:00,489.0,163.6,349.0,29.8,100
2026-08-15T16:00,231.0,28.6,211.0,30.6,100
2026-08-15T17:00,228.0,55.9,200.0,31.5,99
2026-08-15T18:00,105.0,48.0,92.0,30.6,99
2026-08-15T19:00,15.0,20.1,13.0,29.0,100
2026-08-15T20:00,0.0,0.0,0.0,28.7,100
2026-08-15T21:00,0.0,0.0,0.0,28.3,98
2026-08-15T22:00,0.0,0.0,0.0,27.5,99
2026-08-15T23:00,0.0,0.0,0.0,27.1,99
2026-08-16T00:00,0.0,0.0,0.0,27.0,84
2026-08-16T01:00,0.0,0.0,0.0,27.4,98
2026-08-16T02:00,0.0,0.0,0.0,27.1,100
2026-08-16T03:00,0.0,0.0,0.0,26.8,95
2026-08-16T04:00,0.0,0.0,0.0,26.8,98
2026-08-16T05:00,0.0,0.0,0.0,26.6,87
2026-08-16T06:00,0.0,0.0,0.0,26.1,95
2026-08-16T07:00,25.0,46.1,19.0,28.0,72
2026-08-16T08:00,217.0,327.5,109.0,29.5,100
2026-08-16T09:00,216.0,63.2,181.0,29.5,98
2026-08-16T10:00,389.0,172.2,261.0,30.5,69
2026-08-16T11:00,708.0,485.1,278.0,31.8,100
2026-08-16T12:00,547.0,169.6,382.0,31.7,63
2026-08-16T13:00,688.0,365.2,324.0,32.3,100
2026-08-16T14:00,222.0,25.1,198.0,30.6,88
2026-08-16T15:00,569.0,352.0,268.0,31.7,100
2026-08-16T16:00,280.0,147.3,177.0,31.9,100
2026-08-16T17:00,240.0,152.3,164.0,32.2,100
2026-08-16T18:00,119.0,70.6,100.0,30.6,99
2026-08-16T19:00,18.0,20.3,16.0,29.9,100
2026-08-16T20:00,0.0,0.0,0.0,29.4,98
2026-08-16T21:00,0.0,0.0,0.0,28.9,91
2026-08-16T22:00,0.0,0.0,0.0,28.6,100
2026-08-16T23:00,0.0,0.0,0.0,28.4,100
2026-08-17T00:00,0.0,0.0,0.0,27.9,99
2026-08-17T01:00,0.0,0.0,0.0,28.1,100
2026-08-17T02:00,0.0,0.0,0.0,27.5,100
2026-08-17T03:00,0.0,0.0,0.0,27.3,99
2026-08-17T04:00,0.0,0.0,0.0,26.8,100
2026-08-17T05:00,0.0,0.0,0.0,26.5,96
2026-08-17T06:00,0.0,0.0,0.0,26.5,100
2026-08-17T07:00,20.0,23.1,17.0,28.3,88
2026-08-17T08:00,157.0,194.1,93.0,29.1,94
2026-08-17T09:00,239.0,149.9,156.0,29.6,92
2026-08-17T10:00,402.0,244.8,220.0,30.3,83
2026-08-17T11:00,552.0,376.7,218.0,31.2,75
2026-08-17T12:00,712.0,487.2,238.0,32.1,29
2026-08-17T13:00,915.0,747.4,170.0,34.3,100
2026-08-17T14:00,702.0,315.8,400.0,27.7,100
2026-08-17T15:00,259.0,32.8,231.0,27.0,95
2026-08-17T16:00,440.0,342.4,201.0,29.3,95
2026-08-17T17:00,330.0,313.5,174.0,30.2,92
2026-08-17T18:00,119.0,93.6,94.0,29.7,63
2026-08-17T19:00,19.0,71.7,12.0,28.3,88
2026-08-17T20:00,0.0,0.0,0.0,27.8,97
2026-08-17T21:00,0.0,0.0,0.0,27.0,88
2026-08-17T22:00,0.0,0.0,0.0,26.0,97
2026-08-17T23:00,0.0,0.0,0.0,25.6,98
2026-08-18T00:00,0.0,0.0,0.0,25.7,100
2026-08-18T01:00,0.0,0.0,0.0,26.7,98
2026-08-18T02:00,0.0,0.0,0.0,26.7,77
2026-08-18T03:00,0.0,0.0,0.0,26.4,87
2026-08-18T04:00,0.0,0.0,0.0,26.0,96
2026-08-18T05:00,0.0,0.0,0.0,25.8,99
2026-08-18T06:00,0.0,0.0,0.0,25.7,99
2026-08-18T07:00,33.0,38.5,28.0,27.4,91
2026-08-18T08:00,177.0,179.0,118.0,28.3,85
2026-08-18T09:00,376.0,332.3,192.0,29.8,34
2026-08-18T10:00,641.0,666.8,145.0,31.3,48
2026-08-18T11:00,832.0,783.7,137.0,32.6,88
2026-08-18T12:00,901.0,718.3,202.0,33.8,85
2026-08-18T13:00,906.0,669.2,239.0,32.4,100
2026-08-18T14:00,609.0,395.4,231.0,32.0,95
2026-08-18T15:00,715.0,591.6,210.0,28.9,100
2026-08-18T16:00,214.0,47.4,181.0,26.6,100
2026-08-18T17:00,114.0,14.1,107.0,26.8,100
2026-08-18T18:00,43.0,0.0,43.0,27.0,99
2026-08-18T19:00,9.0,0.0,9.0,28.1,97
2026-08-18T20:00,0.0,0.0,0.0,28.5,99
2026-08-18T21:00,0.0,0.0,0.0,27.4,100
2026-08-18T22:00,0.0,0.0,0.0,26.9,100
2026-08-18T23:00,0.0,0.0,0.0,26.5,100
2026-08-19T00:00,0.0,0.0,0.0,26.3,99
2026-08-19T01:00,0.0,0.0,0.0,26.7,100
2026-08-19T02:00,0.0,0.0,0.0,26.4,100
2026-08-19T03:00,0.0,0.0,0.0,26.4,100
2026-08-19T04:00,0.0,0.0,0.0,26.6,99
2026-08-19T05:00,0.0,0.0,0.0,26.7,100
2026-08-19T06:00,0.0,0.0,0.0,26.9,100
2026-08-19T07:00,26.0,15.4,24.0,27.7,98
2026-08-19T08:00,203.0,267.0,115.0,28.9,88
2026-08-19T09:00,344.0,303.3,176.0,29.9,78
2026-08-19T10:00,471.0,289.0,256.0,30.7,98
2026-08-19T11:00,451.0,183.7,288.0,31.3,100
2026-08-19T12:00,507.0,157.2,354.0,29.5,100
2026-08-19T13:00,376.0,84.3,292.0,33.3,100
2026-08-19T14:00,451.0,93.1,362.0,28.8,100
2026-08-19T15:00,348.0,63.3,294.0,27.6,100
2026-08-19T16:00,278.0,34.5,254.0,29.1,100
2026-08-19T17:00,154.0,14.2,147.0,29.1,100
2026-08-19T18:00,47.0,0.0,47.0,28.9,100
2026-08-19T19:00,5.0,0.0,5.0,27.3,100
2026-08-19T20:00,0.0,0.0,0.0,27.0,100
2026-08-19T21:00,0.0,0.0,0.0,27.0,100
2026-08-19T22:00,0.0,0.0,0.0,26.8,100
2026-08-19T23:00,0.0,0.0,0.0,26.4,100
2026-08-20T00:00,0.0,0.0,0.0,26.6,100
2026-08-20T01:00,0.0,0.0,0.0,26.8,100
2026-08-20T02:00,0.0,0.0,0.0,26.8,100
2026-08-20T03:00,0.0,0.0,0.0,26.5,100
2026-08-20T04:00,0.0,0.0,0.0,26.5,100
2026-08-20T05:00,0.0,0.0,0.0,26.3,100
2026-08-20T06:00,0.0,0.0,0.0,26.3,100
2026-08-20T07:00,22.0,0.0,22.0,26.8,99
2026-08-20T08:00,166.0,130.5,123.0,28.1,100
2026-08-20T09:00,207.0,63.2,172.0,28.1,100
2026-08-20T10:00,263.0,52.4,224.0,28.6,100
2026-08-20T11:00,313.0,40.6,277.0,28.6,100
2026-08-20T12:00,287.0,48.3,240.0,28.3,100
2026-08-20T13:00,313.0,25.1,288.0,28.5,100
2026-08-20T14:00,352.0,144.5,214.0,27.5,100
2026-08-20T15:00,265.0,42.3,229.0,28.0,100
2026-08-20T16:00,413.0,216.0,263.0,29.4,100
2026-08-20T17:00,170.0,77.1,132.0,26.2,100
2026-08-20T18:00,23.0,0.0,23.0,25.5,100
2026-08-20T19:00,3.0,0.0,3.0,26.7,100
2026-08-20T20:00,0.0,0.0,0.0,26.4,100
2026-08-20T21:00,0.0,0.0,0.0,26.0,100
2026-08-20T22:00,0.0,0.0,0.0,25.5,100
2026-08-20T23:00,0.0,0.0,0.0,25.5,100
2026-08-21T00:00,0.0,0.0,0.0,25.9,100
2026-08-21T01:00,0.0,0.0,0.0,26.5,99
2026-08-21T02:00,0.0,0.0,0.0,26.4,100
2026-08-21T03:00,0.0,0.0,0.0,26.3,100
2026-08-21T04:00,0.0,0.0,0.0,26.1,100
2026-08-21T05:00,0.0,0.0,0.0,26.0,100
2026-08-21T06:00,0.0,0.0,0.0,26.2,100
2026-08-21T07:00,19.0,7.7,18.0,27.2,99
2026-08-21T08:00,190.0,173.0,133.0,28.6,97
2026-08-21T09:00,361.0,234.6,231.0,29.5,98
2026-08-21T10:00,527.0,372.0,250.0,29.9,91
2026-08-21T11:00,763.0,570.2,257.0,30.7,100
2026-08-21T12:00,773.0,424.3,360.0,30.9,100
2026-08-21T13:00,844.0,573.2,273.0,30.1,100
2026-08-21T14:00,302.0,21.0,282.0,29.7,100
2026-08-21T15:00,163.0,0.0,163.0,29.2,100
2026-08-21T16:00,323.0,70.7,274.0,27.0,99
2026-08-21T17:00,76.0,24.4,64.0,25.5,98
2026-08-21T18:00,112.0,84.9,90.0,26.8,95
2026-08-21T19:00,14.0,21.4,12.0,28.2,73
2026-08-21T20:00,0.0,0.0,0.0,28.0,100
2026-08-21T21:00,0.0,0.0,0.0,28.0,100
2026-08-21T22:00,0.0,0.0,0.0,27.7,100
2026-08-21T23:00,0.0,0.0,0.0,27.1,100
2026-08-22T00:00,0.0,0.0,0.0,27.1,99
2026-08-22T01:00,0.0,0.0,0.0,27.2,100
2026-08-22T02:00,0.0,0.0,0.0,27.2,100
2026-08-22T03:00,0.0,0.0,0.0,27.1,100
2026-08-22T04:00,0.0,0.0,0.0,27.0,100
2026-08-22T05:00,0.0,0.0,0.0,26.9,100
2026-08-22T06:00,0.0,0.0,0.0,26.8,100
2026-08-22T07:00,21.0,0.0,21.0,27.6,100
2026-08-22T08:00,226.0,400.6,94.0,28.8,100
2026-08-22T09:00,390.0,315.7,215.0,29.3,100
2026-08-22T10:00,505.0,323.6,264.0,29.4,100
2026-08-22T11:00,700.0,469.8,283.0,30.1,100
2026-08-22T12:00,695.0,392.5,313.0,30.6,99
2026-08-22T13:00,552.0,215.9,337.0,30.4,100
2026-08-22T14:00,453.0,101.7,356.0,27.1,100
2026-08-22T15:00,167.0,5.9,162.0,26.9,99
2026-08-22T16:00,449.0,264.5,266.0,29.8,100
2026-08-22T17:00,112.0,0.0,112.0,27.5,100
2026-08-22T18:00,64.0,19.5,59.0,28.0,99
2026-08-22T19:00,12.0,10.8,11.0,26.0,100
2026-08-22T20:00,0.0,0.0,0.0,26.4,99
2026-08-22T21:00,0.0,0.0,0.0,26.8,100
2026-08-22T22:00,0.0,0.0,0.0,26.6,100
2026-08-22T23:00,0.0,0.0,0.0,26.4,100
2026-08-23T00:00,0.0,0.0,0.0,26.4,100
2026-08-23T01:00,0.0,0.0,0.0,26.3,100
2026-08-23T02:00,0.0,0.0,0.0,25.9,100
2026-08-23T03:00,0.0,0.0,0.0,26.1,100
2026-08-23T04:00,0.0,0.0,0.0,26.2,100
2026-08-23T05:00,0.0,0.0,0.0,26.2,100
2026-08-23T06:00,0.0,0.0,0.0,26.2,99
2026-08-23T07:00,35.0,92.5,23.0,27.2,100
2026-08-23T08:00,27.0,0.0,27.0,27.0,100
2026-08-23T09:00,330.0,299.4,164.0,28.9,99
2026-08-23T10:00,497.0,292.6,279.0,27.2,100
2026-08-23T11:00,368.0,129.5,253.0,27.4,100
2026-08-23T12:00,492.0,241.4,257.0,29.0,99
2026-08-23T13:00,718.0,355.5,364.0,31.3,100
2026-08-23T14:00,659.0,266.4,405.0,31.1,100
2026-08-23T15:00,239.0,15.3,226.0,26.2,100
2026-08-23T16:00,150.0,17.4,138.0,25.9,100
2026-08-23T17:00,135.0,45.1,113.0,25.5,100
2026-08-23T18:00,56.0,0.0,56.0,25.7,98
2026-08-23T19:00,11.0,11.0,10.0,27.5,100
2026-08-23T20:00,0.0,0.0,0.0,27.1,100
2026-08-23T21:00,0.0,0.0,0.0,27.3,100
2026-08-23T22:00,0.0,0.0,0.0,27.3,100
2026-08-23T23:00,0.0,0.0,0.0,26.8,100
2026-08-24T00:00,0.0,0.0,0.0,26.2,100
2026-08-24T01:00,0.0,0.0,0.0,26.4,100
2026-08-24T02:00,0.0,0.0,0.0,26.2,100
2026-08-24T03:00,0.0,0.0,0.0,26.2,100
2026-08-24T04:00,0.0,0.0,0.0,26.1,100
2026-08-24T05:00,0.0,0.0,0.0,26.3,100
2026-08-24T06:00,0.0,0.0,0.0,26.3,100
2026-08-24T07:00,26.0,0.0,26.0,27.5,100
2026-08-24T08:00,121.0,30.3,111.0,28.2,100
2026-08-24T09:00,161.0,3.6,159.0,28.8,100
2026-08-24T10:00,531.0,327.5,287.0,30.6,100
2026-08-24T11:00,725.0,498.9,282.0,31.2,98
2026-08-24T12:00,879.0,625.7,270.0,32.1,99
2026-08-24T13:00,918.0,672.1,249.0,33.4,100
2026-08-24T14:00,691.0,435.6,276.0,32.7,100
2026-08-24T15:00,577.0,363.1,269.0,33.2,100
2026-08-24T16:00,329.0,123.4,244.0,32.1,100
2026-08-24T17:00,150.0,24.7,138.0,29.9,100
2026-08-24T18:00,97.0,43.6,86.0,29.8,100
2026-08-24T19:00,7.0,0.0,7.0,30.1,100
2026-08-24T20:00,0.0,0.0,0.0,29.3,96
2026-08-24T21:00,0.0,0.0,0.0,28.5,98
2026-08-24T22:00,0.0,0.0,0.0,27.8,97
2026-08-24T23:00,0.0,0.0,0.0,27.1,99
2026-08-25T00:00,0.0,0.0,0.0,26.6,99
2026-08-25T01:00,0.0,0.0,0.0,27.0,100
2026-08-25T02:00,0.0,0.0,0.0,27.0,100
2026-08-25T03:00,0.0,0.0,0.0,26.9,99
2026-08-25T04:00,0.0,0.0,0.0,26.6,99
2026-08-25T05:00,0.0,0.0,0.0,26.2,100
2026-08-25T06:00,0.0,0.0,0.0,25.9,100
2026-08-25T07:00,39.0,84.8,28.0,27.0,99
2026-08-25T08:00,209.0,254.9,125.0,28.6,100
2026-08-25T09:00,412.0,400.1,190.0,30.0,100
2026-08-25T10:00,592.0,480.3,234.0,30.9,100
2026-08-25T11:00,642.0,457.2,236.0,31.6,100
2026-08-25T12:00,761.0,421.3,351.0,32.4,99
2026-08-25T13:00,813.0,543.7,272.0,33.5,100
2026-08-25T14:00,833.0,620.7,242.0,33.4,94
2026-08-25T15:00,654.0,439.1,282.0,30.7,99
2026-08-25T16:00,293.0,154.2,187.0,30.5,98
2026-08-25T17:00,171.0,57.9,143.0,30.2,98
2026-08-25T18:00,136.0,235.7,77.0,29.8,100
2026-08-25T19:00,11.0,22.6,9.0,29.2,98
2026-08-25T20:00,0.0,0.0,0.0,28.2,99
2026-08-25T21:00,0.0,0.0,0.0,27.6,98
2026-08-25T22:00,0.0,0.0,0.0,27.3,100
2026-08-25T23:00,0.0,0.0,0.0,27.5,100
2026-08-26T00:00,0.0,0.0,0.0,27.4,99
2026-08-26T01:00,0.0,0.0,0.0,27.4,100
2026-08-26T02:00,0.0,0.0,0.0,27.1,100
2026-08-26T03:00,0.0,0.0,0.0,26.7,100
2026-08-26T04:00,0.0,0.0,0.0,26.9,95
2026-08-26T05:00,0.0,0.0,0.0,26.6,96
2026-08-26T06:00,0.0,0.0,0.0,26.5,92
2026-08-26T07:00,39.0,123.4,23.0,27.0,100
2026-08-26T08:00,129.0,109.2,93.0,27.3,100
2026-08-26T09:00,147.0,0.0,147.0,27.7,100
2026-08-26T10:00,372.0,163.7,250.0,29.2,100
2026-08-26T11:00,621.0,378.3,285.0,30.4,100
2026-08-26T12:00,752.0,499.4,266.0,31.6,100
2026-08-26T13:00,810.0,432.3,380.0,32.1,100
2026-08-26T14:00,335.0,103.0,237.0,30.0,99
2026-08-26T15:00,244.0,61.5,192.0,29.2,100
2026-08-26T16:00,203.0,8.7,197.0,29.5,100
2026-08-26T17:00,95.0,0.0,95.0,29.1,99
2026-08-26T18:00,77.0,56.5,63.0,29.1,99
2026-08-26T19:00,7.0,0.0,7.0,29.0,68
2026-08-26T20:00,0.0,0.0,0.0,28.2,92
2026-08-26T21:00,0.0,0.0,0.0,28.1,59
2026-08-26T22:00,0.0,0.0,0.0,28.1,100
2026-08-26T23:00,0.0,0.0,0.0,27.8,95
2026-08-27T00:00,0.0,0.0,0.0,27.8,99
2026-08-27T01:00,0.0,0.0,0.0,27.9,99
2026-08-27T02:00,0.0,0.0,0.0,27.6,100
2026-08-27T03:00,0.0,0.0,0.0,27.4,98
2026-08-27T04:00,0.0,0.0,0.0,27.2,98
2026-08-27T05:00,0.0,0.0,0.0,27.1,89
2026-08-27T06:00,0.0,0.0,0.0,27.2,84
2026-08-27T07:00,49.0,192.8,24.0,27.0,71
2026-08-27T08:00,186.0,267.0,98.0,28.3,67
2026-08-27T09:00,314.0,239.6,181.0,29.3,62
2026-08-27T10:00,618.0,590.1,178.0,30.2,77
2026-08-27T11:00,692.0,517.9,232.0,30.7,98
2026-08-27T12:00,608.0,312.4,304.0,27.9,100
2026-08-27T13:00,386.0,64.4,322.0,30.9,93
2026-08-27T14:00,734.0,459.7,297.0,31.6,80
2026-08-27T15:00,643.0,493.6,226.0,30.6,89
2026-08-27T16:00,467.0,426.7,175.0,29.9,95
2026-08-27T17:00,270.0,270.8,140.0,30.0,85
2026-08-27T18:00,164.0,403.0,65.0,30.3,84
2026-08-27T19:00,11.0,23.2,9.0,27.8,100
2026-08-27T20:00,0.0,0.0,0.0,28.0,100
2026-08-27T21:00,0.0,0.0,0.0,28.1,100
2026-08-27T22:00,0.0,0.0,0.0,28.0,100
2026-08-27T23:00,0.0,0.0,0.0,27.6,98
2026-08-28T00:00,0.0,0.0,0.0,27.4,92
2026-08-28T01:00,0.0,0.0,0.0,27.2,100
2026-08-28T02:00,0.0,0.0,0.0,27.2,100
2026-08-28T03:00,0.0,0.0,0.0,27.1,94
2026-08-28T04:00,0.0,0.0,0.0,27.0,93
2026-08-28T05:00,0.0,0.0,0.0,26.8,95
2026-08-28T06:00,0.0,0.0,0.0,26.1,98
2026-08-28T07:00,21.0,0.0,21.0,27.8,98
2026-08-28T08:00,214.0,333.8,104.0,28.9,97
2026-08-28T09:00,379.0,396.2,159.0,29.6,100
2026-08-28T10:00,571.0,441.2,242.0,29.8,99
2026-08-28T11:00,451.0,119.3,345.0,28.3,100
2026-08-28T12:00,410.0,48.3,363.0,28.4,100
2026-08-28T13:00,532.0,156.0,377.0,31.0,100
2026-08-28T14:00,479.0,169.5,318.0,28.0,100
2026-08-28T15:00,386.0,106.7,296.0,27.5,95
2026-08-28T16:00,370.0,213.8,224.0,27.6,98
2026-08-28T17:00,250.0,154.8,176.0,27.8,100
2026-08-28T18:00,70.0,28.8,63.0,27.6,100
2026-08-28T19:00,8.0,0.0,8.0,27.4,98
2026-08-28T20:00,0.0,0.0,0.0,27.3,99
2026-08-28T21:00,0.0,0.0,0.0,27.4,99
2026-08-28T22:00,0.0,0.0,0.0,26.4,100
2026-08-28T23:00,0.0,0.0,0.0,26.0,100
2026-08-29T00:00,0.0,0.0,0.0,26.1,100
2026-08-29T01:00,0.0,0.0,0.0,27.2,99
2026-08-29T02:00,0.0,0.0,0.0,27.0,90
2026-08-29T03:00,0.0,0.0,0.0,27.1,96
2026-08-29T04:00,0.0,0.0,0.0,27.0,97
2026-08-29T05:00,0.0,0.0,0.0,26.6,100
2026-08-29T06:00,0.0,0.0,0.0,26.2,99
2026-08-29T07:00,22.0,46.3,16.0,28.3,98
2026-08-29T08:00,184.0,227.6,109.0,26.3,100
2026-08-29T09:00,166.0,86.4,118.0,26.7,95
2026-08-29T10:00,456.0,288.3,241.0,28.7,98
2026-08-29T11:00,520.0,211.7,332.0,29.7,95
2026-08-29T12:00,655.0,251.9,410.0,30.2,100
2026-08-29T13:00,538.0,124.8,414.0,29.5,100
2026-08-29T14:00,269.0,9.5,260.0,27.4,99
2026-08-29T15:00,264.0,47.5,224.0,27.5,98
2026-08-29T16:00,219.0,86.6,160.0,27.9,100
2026-08-29T17:00,138.0,12.6,132.0,28.0,100
2026-08-29T18:00,30.0,0.0,30.0,27.5,100
2026-08-29T19:00,3.0,0.0,3.0,28.3,99
2026-08-29T20:00,0.0,0.0,0.0,28.0,100
2026-08-29T21:00,0.0,0.0,0.0,27.8,98
2026-08-29T22:00,0.0,0.0,0.0,27.4,100
2026-08-29T23:00,0.0,0.0,0.0,27.3,100
2026-08-30T00:00,0.0,0.0,0.0,27.0,100
2026-08-30T01:00,0.0,0.0,0.0,27.4,100
2026-08-30T02:00,0.0,0.0,0.0,27.0,100
2026-08-30T03:00,0.0,0.0,0.0,27.0,98
2026-08-30T04:00,0.0,0.0,0.0,27.1,67
2026-08-30T05:00,0.0,0.0,0.0,27.0,78
2026-08-30T06:00,0.0,0.0,0.0,27.0,98
2026-08-30T07:00,38.0,92.6,26.0,28.0,95
2026-08-30T08:00,208.0,324.7,101.0,29.1,91
2026-08-30T09:00,424.0,509.5,141.0,29.9,100
2026-08-30T10:00,537.0,390.1,246.0,30.7,100
2026-08-30T11:00,380.0,52.9,333.0,30.4,99
2026-08-30T12:00,518.0,165.6,357.0,30.9,100
2026-08-30T13:00,455.0,151.1,305.0,33.3,99
2026-08-30T14:00,765.0,485.2,305.0,30.1,99
2026-08-30T15:00,339.0,156.9,207.0,29.2,98
2026-08-30T16:00,344.0,184.0,219.0,29.6,95
2026-08-30T17:00,272.0,280.7,139.0,30.5,100
2026-08-30T18:00,105.0,109.0,79.0,29.6,94
2026-08-30T19:00,8.0,12.1,7.0,27.8,100
2026-08-30T20:00,0.0,0.0,0.0,27.6,100
2026-08-30T21:00,0.0,0.0,0.0,27.7,99
2026-08-30T22:00,0.0,0.0,0.0,27.4,99
2026-08-30T23:00,0.0,0.0,0.0,27.3,99
2026-08-31T00:00,0.0,0.0,0.0,27.1,100
2026-08-31T01:00,0.0,0.0,0.0,26.9,100
2026-08-31T02:00,0.0,0.0,0.0,26.6,100
2026-08-31T03:00,0.0,0.0,0.0,26.9,100
2026-08-31T04:00,0.0,0.0,0.0,26.9,100
2026-08-31T05:00,0.0,0.0,0.0,26.8,99
2026-08-31T06:00,0.0,0.0,0.0,26.5,100
2026-08-31T07:00,18.0,0.0,18.0,27.6,100
2026-08-31T08:00,109.0,21.2,102.0,28.3,100
2026-08-31T09:00,263.0,72.0,223.0,29.4,89
2026-08-31T10:00,608.0,509.4,228.0,30.8,100
2026-08-31T11:00,358.0,37.2,325.0,30.2,100
2026-08-31T12:00,442.0,70.0,374.0,30.0,100
2026-08-31T13:00,312.0,31.2,281.0,30.6,100
2026-08-31T14:00,266.0,22.2,245.0,27.2,100
2026-08-31T15:00,122.0,0.0,122.0,26.0,99
2026-08-31T16:00,239.0,63.5,196.0,26.9,100
2026-08-31T17:00,103.0,4.2,101.0,27.0,100
2026-08-31T18:00,30.0,0.0,30.0,26.8,100
2026-08-31T19:00,3.0,0.0,3.0,26.4,100
2026-08-31T20:00,0.0,0.0,0.0,26.5,100
2026-08-31T21:00,0.0,0.0,0.0,26.3,100
2026-08-31T22:00,0.0,0.0,0.0,26.2,100
2026-08-31T23:00,0.0,0.0,0.0,26.0,100
2026-09-01T00:00,0.0,0.0,0.0,25.7,100
2026-09-01T01:00,0.0,0.0,0.0,25.9,100
2026-09-01T02:00,0.0,0.0,0.0,25.7,83
2026-09-01T03:00,0.0,0.0,0.0,25.6,100
2026-09-01T04:00,0.0,0.0,0.0,25.7,100
2026-09-01T05:00,0.0,0.0,0.0,25.8,78
2026-09-01T06:00,0.0,0.0,0.0,25.9,98
2026-09-01T07:00,31.0,46.3,25.0,26.8,96
2026-09-01T08:00,174.0,245.8,93.0,28.0,98
2026-09-01T09:00,386.0,352.8,190.0,29.4,100
2026-09-01T10:00,456.0,203.7,304.0,29.8,100
2026-09-01T11:00,470.0,189.2,302.0,29.7,98
2026-09-01T12:00,579.0,220.2,365.0,30.3,81
2026-09-01T13:00,676.0,311.6,367.0,31.5,30
2026-09-01T14:00,823.0,665.9,193.0,30.9,66
2026-09-01T15:00,522.0,397.2,189.0,30.0,55
2026-09-01T16:00,447.0,414.3,167.0,30.1,52
2026-09-01T17:00,355.0,504.8,118.0,29.3,73
2026-09-01T18:00,84.0,119.9,56.0,27.8,88
2026-09-01T19:00,8.0,12.5,7.0,26.4,90
2026-09-01T20:00,0.0,0.0,0.0,26.7,90
2026-09-01T21:00,0.0,0.0,0.0,26.9,95
2026-09-01T22:00,0.0,0.0,0.0,27.0,91
2026-09-01T23:00,0.0,0.0,0.0,27.2,100
2026-09-02T00:00,0.0,0.0,0.0,27.1,93
2026-09-02T01:00,0.0,0.0,0.0,26.5,100
2026-09-02T02:00,0.0,0.0,0.0,26.2,100
2026-09-02T03:00,0.0,0.0,0.0,25.9,100
2026-09-02T04:00,0.0,0.0,0.0,25.7,98
2026-09-02T05:00,0.0,0.0,0.0,25.7,100
2026-09-02T06:00,0.0,0.0,0.0,25.7,100
2026-09-02T07:00,21.0,15.4,19.0,26.7,77
2026-09-02T08:00,214.0,397.4,83.0,28.3,40
2026-09-02T09:00,396.0,467.9,136.0,29.5,83
2026-09-02T10:00,536.0,380.6,252.0,30.4,99
2026-09-02T11:00,562.0,243.3,346.0,30.6,79
2026-09-02T12:00,658.0,384.0,285.0,31.0,78
2026-09-02T13:00,586.0,224.1,364.0,32.7,100
2026-09-02T14:00,704.0,360.9,363.0,32.6,25
2026-09-02T15:00,767.0,720.5,164.0,29.3,79
2026-09-02T16:00,407.0,369.5,158.0,27.4,88
2026-09-02T17:00,205.0,214.0,105.0,28.0,52
2026-09-02T18:00,131.0,311.8,59.0,28.3,69
2026-09-02T19:00,9.0,25.5,7.0,29.1,60
2026-09-02T20:00,0.0,0.0,0.0,28.5,100
2026-09-02T21:00,0.0,0.0,0.0,28.5,99
2026-09-02T22:00,0.0,0.0,0.0,28.1,100
2026-09-02T23:00,0.0,0.0,0.0,27.6,98
2026-09-03T00:00,0.0,0.0,0.0,27.2,68
2026-09-03T01:00,0.0,0.0,0.0,27.6,98
2026-09-03T02:00,0.0,0.0,0.0,26.8,79
2026-09-03T03:00,0.0,0.0,0.0,26.3,9
2026-09-03T04:00,0.0,0.0,0.0,26.0,22
2026-09-03T05:00,0.0,0.0,0.0,25.8,70
2026-09-03T06:00,0.0,0.0,0.0,25.7,98
2026-09-03T07:00,44.0,161.9,23.0,26.8,59
2026-09-03T08:00,248.0,521.7,76.0,28.4,11
2026-09-03T09:00,481.0,685.5,100.0,29.9,13
2026-09-03T10:00,688.0,759.9,121.0,30.9,13
2026-09-03T11:00,831.0,775.0,143.0,31.9,29
2026-09-03T12:00,858.0,707.5,171.0,32.3,38
2026-09-03T13:00,873.0,697.9,182.0,33.4,35
2026-09-03T14:00,839.0,702.4,176.0,33.7,16
2026-09-03T15:00,725.0,689.5,149.0,32.4,41
2026-09-03T16:00,529.0,611.6,118.0,31.3,31
2026-09-03T17:00,361.0,578.6,92.0,30.5,20
2026-09-03T18:00,133.0,319.9,60.0,29.9,49
2026-09-03T19:00,8.0,25.9,6.0,27.7,98
2026-09-03T20:00,0.0,0.0,0.0,28.1,95
2026-09-03T21:00,0.0,0.0,0.0,28.3,85
2026-09-03T22:00,0.0,0.0,0.0,28.0,91
2026-09-03T23:00,0.0,0.0,0.0,27.6,76
2026-09-04T00:00,0.0,0.0,0.0,27.1,93
2026-09-04T01:00,0.0,0.0,0.0,26.8,98
2026-09-04T02:00,0.0,0.0,0.0,26.6,100
2026-09-04T03:00,0.0,0.0,0.0,26.5,98
2026-09-04T04:00,0.0,0.0,0.0,26.3,98
2026-09-04T05:00,0.0,0.0,0.0,26.1,98
2026-09-04T06:00,0.0,0.0,0.0,26.0,89
2026-09-04T07:00,46.0,146.5,27.0,26.9,71
2026-09-04T08:00,234.0,467.0,80.0,28.5,65
2026-09-04T09:00,437.0,552.3,130.0,29.9,69
2026-09-04T10:00,667.0,698.3,146.0,31.1,34
2026-09-04T11:00,806.0,692.9,191.0,32.0,59
2026-09-04T12:00,881.0,712.0,190.0,32.7,50
2026-09-04T13:00,839.0,636.8,209.0,34.0,66
2026-09-04T14:00,785.0,611.0,209.0,34.3,98
2026-09-04T15:00,721.0,640.5,187.0,34.0,98
2026-09-04T16:00,519.0,546.3,153.0,34.1,99
2026-09-04T17:00,297.0,289.7,163.0,33.0,99
2026-09-04T18:00,135.0,235.0,82.0,31.1,93
2026-09-04T19:00,8.0,13.2,7.0,28.7,86
2026-09-04T20:00,0.0,0.0,0.0,28.5,100
2026-09-04T21:00,0.0,0.0,0.0,28.6,81
2026-09-04T22:00,0.0,0.0,0.0,28.5,92
2026-09-04T23:00,0.0,0.0,0.0,28.0,99
2026-09-05T00:00,0.0,0.0,0.0,27.7,99
2026-09-05T01:00,0.0,0.0,0.0,28.0,100
2026-09-05T02:00,0.0,0.0,0.0,27.5,100
2026-09-05T03:00,0.0,0.0,0.0,27.2,100
2026-09-05T04:00,0.0,0.0,0.0,27.0,100
2026-09-05T05:00,0.0,0.0,0.0,26.9,100
2026-09-05T06:00,0.0,0.0,0.0,26.8,100
2026-09-05T07:00,23.0,23.1,20.0,27.5,100
2026-09-05T08:00,93.0,18.2,87.0,28.1,98
2026-09-05T09:00,311.0,226.6,185.0,29.6,88
2026-09-05T10:00,556.0,439.6,228.0,31.1,37
2026-09-05T11:00,755.0,643.5,184.0,32.3,56
2026-09-05T12:00,787.0,549.5,254.0,33.3,68
2026-09-05T13:00,763.0,496.7,272.0,34.9,38
2026-09-05T14:00,851.0,711.7,181.0,35.2,36
2026-09-05T15:00,713.0,667.0,158.0,33.5,91
2026-09-05T16:00,492.0,506.1,154.0,31.8,95
2026-09-05T17:00,291.0,360.8,125.0,31.3,68
2026-09-05T18:00,142.0,372.6,59.0,30.5,79
2026-09-05T19:00,8.0,26.9,6.0,29.1,99
2026-09-05T20:00,0.0,0.0,0.0,29.0,97
2026-09-05T21:00,0.0,0.0,0.0,28.3,98
2026-09-05T22:00,0.0,0.0,0.0,27.7,100
2026-09-05T23:00,0.0,0.0,0.0,27.6,99
2026-09-06T00:00,0.0,0.0,0.0,27.4,98
2026-09-06T01:00,0.0,0.0,0.0,27.9,98
2026-09-06T02:00,0.0,0.0,0.0,27.5,97
2026-09-06T03:00,0.0,0.0,0.0,27.2,83
2026-09-06T04:00,0.0,0.0,0.0,26.8,88
2026-09-06T05:00,0.0,0.0,0.0,26.6,77
2026-09-06T06:00,0.0,0.0,0.0,26.4,97
2026-09-06T07:00,42.0,100.2,29.0,27.3,86
2026-09-06T08:00,217.0,336.5,106.0,28.7,98
2026-09-06T09:00,416.0,462.2,159.0,30.4,88
2026-09-06T10:00,662.0,691.6,146.0,31.6,73
2026-09-06T11:00,805.0,714.7,171.0,32.5,66
2026-09-06T12:00,889.0,695.2,215.0,33.0,38
2026-09-06T13:00,878.0,665.3,221.0,34.5,58
2026-09-06T14:00,837.0,659.5,217.0,31.8,92
2026-09-06T15:00,483.0,287.8,244.0,30.1,81
2026-09-06T16:00,312.0,193.8,183.0,27.3,98
2026-09-06T17:00,94.0,4.4,92.0,27.5,91
2026-09-06T18:00,98.0,104.6,75.0,28.3,98
2026-09-06T19:00,5.0,0.0,5.0,27.5,100
2026-09-06T20:00,0.0,0.0,0.0,27.5,100
2026-09-06T21:00,0.0,0.0,0.0,27.5,100
2026-09-06T22:00,0.0,0.0,0.0,27.4,100
2026-09-06T23:00,0.0,0.0,0.0,27.3,100
2026-09-07T00:00,0.0,0.0,0.0,26.7,98
2026-09-07T01:00,0.0,0.0,0.0,26.7,100
2026-09-07T02:00,0.0,0.0,0.0,26.3,100
2026-09-07T03:00,0.0,0.0,0.0,25.6,100
2026-09-07T04:00,0.0,0.0,0.0,25.3,100
2026-09-07T05:00,0.0,0.0,0.0,25.5,100
2026-09-07T06:00,0.0,0.0,0.0,26.1,100
2026-09-07T07:00,10.0,0.0,10.0,27.7,100
2026-09-07T08:00,121.0,12.1,117.0,28.5,100
2026-09-07T09:00,257.0,124.1,188.0,29.3,100
2026-09-07T10:00,284.0,55.0,243.0,29.5,100
2026-09-07T11:00,453.0,134.2,334.0,30.3,100
2026-09-07T12:00,522.0,213.6,315.0,30.3,100
2026-09-07T13:00,527.0,233.1,297.0,32.1,100
2026-09-07T14:00,350.0,57.5,296.0,30.2,96
2026-09-07T15:00,581.0,380.2,266.0,30.4,80
2026-09-07T16:00,510.0,538.0,153.0,30.5,38
2026-09-07T17:00,364.0,604.4,89.0,30.1,62
2026-09-07T18:00,139.0,363.9,60.0,29.4,83
2026-09-07T19:00,5.0,14.0,4.0,29.5,78
2026-09-07T20:00,0.0,0.0,0.0,28.8,99
2026-09-07T21:00,0.0,0.0,0.0,28.8,96
2026-09-07T22:00,0.0,0.0,0.0,26.3,99
2026-09-07T23:00,0.0,0.0,0.0,26.9,97
2026-09-08T00:00,0.0,0.0,0.0,27.2,98
2026-09-08T01:00,0.0,0.0,0.0,27.6,98
2026-09-08T02:00,0.0,0.0,0.0,27.3,100
2026-09-08T03:00,0.0,0.0,0.0,27.0,100
2026-09-08T04:00,0.0,0.0,0.0,26.7,99
2026-09-08T05:00,0.0,0.0,0.0,26.6,85
2026-09-08T06:00,0.0,0.0,0.0,26.3,99
2026-09-08T07:00,17.0,0.0,17.0,28.1,93
2026-09-08T08:00,196.0,293.9,99.0,29.7,89
2026-09-08T09:00,361.0,361.4,160.0,30.4,63
2026-09-08T10:00,580.0,509.4,200.0,31.2,89
2026-09-08T11:00,694.0,529.0,225.0,31.5,91
2026-09-08T12:00,838.0,643.4,215.0,31.8,84
2026-09-08T13:00,909.0,741.6,178.0,32.0,98
2026-09-08T14:00,729.0,477.9,281.0,30.7,95
2026-09-08T15:00,603.0,439.1,240.0,28.5,96
2026-09-08T16:00,295.0,152.7,194.0,28.4,98
2026-09-08T17:00,265.0,203.3,173.0,29.6,98
2026-09-08T18:00,86.0,98.0,65.0,26.8,100
2026-09-08T19:00,2.0,0.0,2.0,29.0,99
2026-09-08T20:00,0.0,0.0,0.0,28.5,97
2026-09-08T21:00,0.0,0.0,0.0,28.4,100
2026-09-08T22:00,0.0,0.0,0.0,28.2,99
2026-09-08T23:00,0.0,0.0,0.0,27.4,95
2026-09-09T00:00,0.0,0.0,0.0,26.5,99
2026-09-09T01:00,0.0,0.0,0.0,27.1,100
2026-09-09T02:00,0.0,0.0,0.0,27.0,100
2026-09-09T03:00,0.0,0.0,0.0,27.1,100
2026-09-09T04:00,0.0,0.0,0.0,26.9,100
2026-09-09T05:00,0.0,0.0,0.0,26.7,100
2026-09-09T06:00,0.0,0.0,0.0,26.6,100
2026-09-09T07:00,25.0,30.8,21.0,27.9,98
2026-09-09T08:00,180.0,233.3,103.0,28.9,100
2026-09-09T09:00,248.0,122.3,180.0,29.2,100
2026-09-09T10:00,558.0,387.5,269.0,30.5,100
2026-09-09T11:00,491.0,138.8,368.0,30.6,98
2026-09-09T12:00,769.0,489.8,295.0,31.4,99
2026-09-09T13:00,684.0,294.5,394.0,32.1,99
2026-09-09T14:00,651.0,341.9,331.0,29.4,92
2026-09-09T15:00,532.0,320.0,268.0,29.8,88
2026-09-09T16:00,509.0,496.1,182.0,31.0,99
2026-09-09T17:00,322.0,440.2,124.0,30.1,64
2026-09-09T18:00,129.0,350.2,55.0,29.2,94
2026-09-09T19:00,5.0,14.6,4.0,29.6,94
2026-09-09T20:00,0.0,0.0,0.0,29.2,80
2026-09-09T21:00,0.0,0.0,0.0,29.1,100
2026-09-09T22:00,0.0,0.0,0.0,29.0,98
2026-09-09T23:00,0.0,0.0,0.0,28.9,99
2026-09-10T00:00,0.0,0.0,0.0,28.0,97
2026-09-10T01:00,0.0,0.0,0.0,27.0,99
2026-09-10T02:00,0.0,0.0,0.0,27.2,98
2026-09-10T03:00,0.0,0.0,0.0,26.1,98
2026-09-10T04:00,0.0,0.0,0.0,26.2,100
2026-09-10T05:00,0.0,0.0,0.0,26.3,100
2026-09-10T06:00,0.0,0.0,0.0,26.1,99
2026-09-10T07:00,27.0,53.9,20.0,26.6,99
2026-09-10T08:00,117.0,63.6,96.0,27.5,100
2026-09-10T09:00,248.0,75.5,206.0,28.7,99
2026-09-10T10:00,486.0,211.9,328.0,30.2,100
2026-09-10T11:00,591.0,277.7,345.0,31.1,87
2026-09-10T12:00,779.0,454.0,340.0,31.8,84
2026-09-10T13:00,774.0,474.8,307.0,27.8,100
2026-09-10T14:00,259.0,13.9,246.0,28.9,99
2026-09-10T15:00,480.0,221.2,298.0,30.6,98
2026-09-10T16:00,363.0,111.2,290.0,29.8,100
2026-09-10T17:00,181.0,91.7,140.0,28.8,99
2026-09-10T18:00,71.0,72.0,56.0,26.0,100
2026-09-10T19:00,3.0,0.0,3.0,26.5,100
2026-09-10T20:00,0.0,0.0,0.0,26.1,100
2026-09-10T21:00,0.0,0.0,0.0,25.7,100
2026-09-10T22:00,0.0,0.0,0.0,25.1,100
2026-09-10T23:00,0.0,0.0,0.0,24.7,100
